#VRML V2.0 utf8
# 3D model generated by easyeda2kicad.py (https://github.com/uPesy/easyeda2kicad.py)

Shape{
    appearance Appearance {
        material  Material 	{
            diffuseColor 0.25098039215686274 0.25098039215686274 0.25098039215686274
            specularColor 0.12549019607843137 0.12549019607843137 0.12549019607843137
            ambientIntensity 0.251
            transparency 0.0
            shininess 0.5
        }
    }
    geometry IndexedFaceSet {
        ccw TRUE
        solid FALSE
        coord DEF co Coordinate {
            point [
                -1.4961 0.0 0.1575, -1.4854 0.1292 0.1575, -1.0236 0.1292 0.1575, 0.0631 0.47 0.1575, 0.0654 0.4704 0.1575, 0.0654 0.2966 0.1575, 0.18 0.518 0.1575, 0.1905 0.5243 0.1575, 1.4628 0.2966 0.1575, 0.2294 0.558 0.1575, 0.0903 0.4754 0.1575, 0.1239 0.4883 0.1575, 0.1426 0.4956 0.1575, 0.2328 0.5609 0.1575, 0.2682 0.6041 0.1575, 0.2698 0.6071 0.1575, 0.318 0.8506 0.1575, 1.0132 1.1007 0.1575, 1.1806 0.9189 0.1575, 0.3057 0.8971 0.1575, 0.2992 0.9113 0.1575, 0.8182 1.2525 0.1575, 0.2955 0.6527 0.1575, 0.2993 0.6634 0.1575, 1.415 0.4858 0.1575, 0.3143 0.7055 0.1575, 0.3175 0.7242 0.1575, 1.3157 0.712 0.1575, 0.3237 0.7604 0.1575, 0.3248 0.7874 0.1575, 0.32 0.8432 0.1575, 0.1662 1.0665 0.1575, 0.3672 1.4503 0.1575, 0.1798 1.0567 0.1575, 0.6009 1.3701 0.1575, 0.2115 1.0339 0.1575, 0.2288 1.0163 0.1575, 0.2823 0.948 0.1575, 0.2691 0.9672 0.1575, 0.2507 0.9939 0.1575, -0.1075 0.4821 0.1575, -0.0754 0.4714 0.1575, -0.1075 0.2966 0.1575, -0.0633 0.4696 0.1575, -0.0203 0.4632 0.1575, -0.0001 0.4637 0.1575, 0.0357 0.4645 0.1575, -0.1242 0.4877 0.1575, -0.3228 0.2966 0.1575, -0.1285 0.4891 0.1575, -0.3221 0.7449 0.1575, -0.3176 0.7243 0.1575, -0.3101 0.6905 0.1575, -0.2692 0.6075 0.1575, -0.2592 0.5915 0.1575, -0.2292 0.5582 0.1575, -0.2216 0.5499 0.1575, -0.1804 0.5175 0.1575, -0.1777 0.5154 0.1575, -0.299 0.6636 0.1575, -0.2888 0.6387 0.1575, -0.301 0.9096 0.1575, -0.3175 0.8562 0.1575, -0.3228 1.4577 0.1575, -0.3182 0.8507 0.1575, -0.3228 0.8152 0.1575, -0.3314 1.4563 0.1575, -0.3246 0.8009 0.1575, -0.3314 0.2966 0.1575, -0.324 0.7874 0.1575, -0.3228 0.7594 0.1575, -0.1799 1.0565 0.1575, -0.2013 1.0424 0.1575, -0.229 1.0163 0.1575, -0.2421 1.004 0.1575, -0.2696 0.9675 0.1575, -0.2756 0.9594 0.1575, 0.124 1.0869 0.1575, 0.1158 1.0909 0.1575, 0.1235 1.491 0.1575, 0.0654 1.1053 0.1575, 0.0654 1.491 0.1575, 0.0621 1.1063 0.1575, -0.0632 1.1051 0.1575, -0.1033 1.0954 0.1575, -0.1075 1.491 0.1575, -0.1075 1.0936 0.1575, -0.1236 1.491 0.1575, -0.1239 1.0864 0.1575, -0.1548 1.073 0.1575, 0.0066 1.1121 0.1575, -0.0 1.1117 0.1575, -0.0492 1.1085 0.1575, 0.2294 -1.0168 0.1575, 0.2328 -1.0139 0.1575, 0.7227 -1.3041 0.1575, 0.1239 -1.0865 0.1575, 0.1426 -1.0792 0.1575, 0.0631 -1.1048 0.1575, 0.0654 -1.1044 0.1575, 0.0654 -1.3041 0.1575, 0.0903 -1.0994 0.1575, 0.18 -1.0568 0.1575, 0.1905 -1.0505 0.1575, 0.2682 -0.9707 0.1575, 0.2698 -0.9677 0.1575, 0.8182 -1.2525 0.1575, 0.2955 -0.9221 0.1575, 0.2993 -0.9114 0.1575, 1.0132 -1.1007 0.1575, 0.3143 -0.8693 0.1575, 0.3175 -0.8506 0.1575, 1.1806 -0.9189 0.1575, 0.3237 -0.8144 0.1575, 1.3157 -0.712 0.1575, 0.3248 -0.7874 0.1575, 1.415 -0.4858 0.1575, 0.32 -0.7316 0.1575, 0.318 -0.7242 0.1575, 1.4653 -0.2869 0.1575, 0.3057 -0.6777 0.1575, 0.2992 -0.6635 0.1575, 0.2823 -0.6268 0.1575, 0.2691 -0.6076 0.1575, 0.2507 -0.5809 0.1575, 0.2288 -0.5585 0.1575, 0.2115 -0.5409 0.1575, 0.1798 -0.5181 0.1575, 0.1662 -0.5083 0.1575, 0.124 -0.4879 0.1575, 0.0654 -0.2869 0.1575, -0.1242 -1.0871 0.1575, -0.1075 -1.0927 0.1575, -0.1075 -1.3041 0.1575, -0.0754 -1.1034 0.1575, -0.0633 -1.1052 0.1575, -0.0203 -1.1116 0.1575, -0.0001 -1.1111 0.1575, 0.0357 -1.1103 0.1575, -0.3228 -1.3041 0.1575, -0.1285 -1.0857 0.1575, -0.3176 -0.8505 0.1575, -0.3101 -0.8843 0.1575, -0.2692 -0.9673 0.1575, -0.2592 -0.9833 0.1575, -0.2292 -1.0166 0.1575, -0.2216 -1.0249 0.1575, -0.1804 -1.0573 0.1575, -0.1777 -1.0594 0.1575, -0.299 -0.9113 0.1575, -0.2888 -0.9361 0.1575, -0.3228 -0.7596 0.1575, -0.3246 -0.7739 0.1575, -0.3314 -0.2869 0.1575, -0.3314 -1.3041 0.1575, -0.324 -0.7874 0.1575, -0.3228 -0.8154 0.1575, -0.3221 -0.8299 0.1575, -0.301 -0.6652 0.1575, -0.3175 -0.7186 0.1575, -0.3228 -0.2869 0.1575, -0.3182 -0.7241 0.1575, -0.1075 -0.2869 0.1575, -0.1239 -0.4884 0.1575, -0.1548 -0.5018 0.1575, -0.1799 -0.5183 0.1575, -0.2013 -0.5324 0.1575, -0.229 -0.5585 0.1575, -0.2421 -0.5708 0.1575, -0.2696 -0.6073 0.1575, -0.2756 -0.6154 0.1575, 0.1158 -0.484 0.1575, 0.0654 -0.4695 0.1575, 0.0621 -0.4685 0.1575, -0.0632 -0.4697 0.1575, -0.1033 -0.4794 0.1575, -0.1075 -0.4812 0.1575, 0.0066 -0.4627 0.1575, -0.0 -0.4631 0.1575, -0.0492 -0.4663 0.1575, 0.4053 -0.1084 0.1575, 0.1673 -0.1099 0.1575, 0.2843 -0.1084 0.1575, 0.1825 -0.1083 0.1575, 0.2054 -0.1004 0.1575, 0.2517 0.0656 0.1575, 0.2378 0.0877 0.1575, 0.3736 0.1278 0.1575, 0.2165 0.1082 0.1575, 0.1941 0.1211 0.1575, 0.2244 -0.0883 0.1575, 0.2422 -0.0696 0.1575, 0.2843 -0.0825 0.1575, 0.2548 -0.0471 0.1575, 0.3736 -0.0825 0.1575, 0.1677 0.1287 0.1575, 0.1617 0.1292 0.1575, 0.4053 0.1278 0.1575, 0.2619 -0.0221 0.1575, 0.2642 0.0052 0.1575, 0.2608 0.0388 0.1575, 0.144 0.1307 0.1575, 1.4853 0.1292 0.1575, 1.4756 0.2462 0.1575, -0.8183 1.2525 0.1575, -0.601 1.3701 0.1575, -0.3673 1.4503 0.1575, -1.4757 0.2462 0.1575, -1.463 0.2966 0.1575, -1.0236 0.2966 0.1575, -1.4151 0.4858 0.1575, -1.3158 0.712 0.1575, -1.1807 0.9189 0.1575, -1.0236 1.0895 0.1575, -1.0133 1.1007 0.1575, -1.487 -0.1099 0.1575, -1.0236 -0.1099 0.1575, -1.4757 -0.2462 0.1575, -1.0236 -0.2869 0.1575, -1.0133 -1.1007 0.1575, -1.0236 -1.0895 0.1575, -1.1807 -0.9189 0.1575, -1.3158 -0.712 0.1575, -1.4151 -0.4858 0.1575, -1.4654 -0.2869 0.1575, -0.3314 -1.4563 0.1575, -0.3673 -1.4503 0.1575, -0.601 -1.3701 0.1575, -0.7228 -1.3041 0.1575, -0.8183 -1.2525 0.1575, -0.3228 -1.4577 0.1575, -0.1236 -1.491 0.1575, 0.3672 -1.4503 0.1575, 0.1235 -1.491 0.1575, 0.0654 -1.491 0.1575, -0.1075 -1.491 0.1575, 0.6009 -1.3701 0.1575, 0.1375 -0.1099 0.1575, 0.147 -0.1112 0.1575, 0.1534 -0.1113 0.1575, 1.4756 -0.2462 0.1575, 1.4869 -0.1099 0.1575, 1.496 -0.0 0.1575, 0.0654 0.1292 0.1575, 0.0884 -0.0703 0.1575, 0.0654 -0.1099 0.1575, 0.0884 -0.0962 0.1575, 0.1136 -0.1065 0.1575, 0.1231 0.1292 0.1575, 0.1157 0.1287 0.1575, 0.0884 0.1213 0.1575, 0.0884 0.0896 0.1575, 0.115 0.101 0.1575, 0.0927 -0.0726 0.1575, 0.1437 0.1047 0.1575, 0.167 0.1021 0.1575, 0.1847 0.0958 0.1575, 0.201 0.0848 0.1575, 0.2153 0.0691 0.1575, 0.2325 0.0072 0.1575, 0.2301 -0.0184 0.1575, 0.2237 -0.0387 0.1575, 0.1711 -0.0829 0.1575, 0.1491 -0.0854 0.1575, 0.1883 -0.0766 0.1575, 0.2028 -0.0668 0.1575, 0.2139 -0.0551 0.1575, 0.1177 -0.0819 0.1575, 0.225 0.0508 0.1575, 0.2313 0.0255 0.1575, -0.3228 -0.1099 0.1575, -0.1075 -0.1099 0.1575, -0.0787 0.1278 0.1575, -0.1075 0.1292 0.1575, -0.0787 0.1019 0.1575, -0.0844 -0.0825 0.1575, -0.0844 -0.1084 0.1575, 0.0423 -0.1084 0.1575, 0.0423 0.1278 0.1575, 0.0106 -0.0018 0.1575, 0.0106 -0.0825 0.1575, -0.0729 -0.0018 0.1575, -0.0729 0.0241 0.1575, 0.0106 0.0241 0.1575, 0.0106 0.1019 0.1575, -0.3088 -0.0437 0.1575, -0.2953 -0.0648 0.1575, -0.2758 -0.0834 0.1575, -0.2512 -0.0978 0.1575, -0.1972 0.1278 0.1575, -0.3228 0.1292 0.1575, -0.2313 0.1241 0.1575, -0.2589 0.1144 0.1575, -0.2846 0.0972 0.1575, -0.2849 0.097 0.1575, -0.3016 0.0785 0.1575, -0.3126 0.0582 0.1575, -0.224 -0.1059 0.1575, -0.1947 -0.1084 0.1575, -0.1305 -0.1084 0.1575, -0.1305 0.1278 0.1575, -0.3189 0.0349 0.1575, -0.3206 0.0127 0.1575, -0.3173 -0.019 0.1575, -0.3314 -0.1099 0.1575, -0.3314 0.1292 0.1575, -0.4589 0.1278 0.1575, -0.5511 -0.1084 0.1575, -0.5165 -0.1084 0.1575, -0.4926 -0.0422 0.1575, -0.395 -0.0422 0.1575, -0.3725 -0.1084 0.1575, -0.3379 -0.1084 0.1575, -0.4272 0.1278 0.1575, 1.543 -1.0521 0.1969, 1.4957 -1.1113 0.1459, 1.6111 -0.9494 0.1969, 1.6053 -0.946 0.1459, 1.6832 -0.8106 0.1969, 1.6968 -0.77 0.1459, 1.7029 -0.7727 0.1969, 1.769 -0.5852 0.1459, 1.7754 -0.5873 0.1969, 1.5011 -1.1153 0.1969, 1.374 -1.2685 0.1969, 1.3691 -1.2639 0.1459, 1.3706 -1.2718 0.1969, 1.227 -1.4023 0.1459, 1.2314 -1.4074 0.1969, 1.1643 -1.46 0.1969, 1.071 -1.5248 0.1459, 1.0748 -1.5303 0.1969, 0.9028 -1.63 0.1459, 0.9342 -1.6183 0.1969, 0.9061 -1.6359 0.1969, 0.7271 -1.7229 0.1969, 0.7245 -1.7167 0.1459, 0.6825 -1.739 0.1969, 0.5379 -1.784 0.1459, 0.5398 -1.7905 0.1969, 0.3452 -1.8311 0.1459, 0.4155 -1.8208 0.1969, 0.3465 -1.8377 0.1969, 0.1492 -1.8641 0.1969, 0.1486 -1.8574 0.1459, 0.1397 -1.8644 0.1969, -0.0497 -1.8627 0.1459, -0.0498 -1.8694 0.1969, -0.1396 -1.8622 0.1969, -0.2474 -1.8469 0.1459, -0.2483 -1.8535 0.1969, -0.4159 -1.8219 0.1969, -0.4423 -1.8101 0.1459, -0.4439 -1.8167 0.1969, -0.6345 -1.7592 0.1969, -0.6322 -1.7529 0.1459, -0.6825 -1.7389 0.1969, -0.8149 -1.6758 0.1459, -0.8178 -1.6818 0.1969, -0.9884 -1.5796 0.1459, -0.9339 -1.6175 0.1969, -0.992 -1.5853 0.1969, -1.1549 -1.4709 0.1969, -1.1507 -1.4656 0.1459, -1.1656 -1.4616 0.1969, -1.3 -1.335 0.1459, -1.3047 -1.3398 0.1969, -1.369 -1.2702 0.1969, -1.4345 -1.1893 0.1459, -1.4397 -1.1936 0.1969, -1.5443 -1.0528 0.1969, -1.5528 -1.0301 0.1459, -1.5584 -1.0338 0.1969, -1.6595 -0.8623 0.1969, -1.6535 -0.8592 0.1459, -1.683 -0.8105 0.1969, -1.7355 -0.6786 0.1459, -1.7417 -0.681 0.1969, -1.7978 -0.4903 0.1459, -1.7849 -0.5505 0.1969, -1.8042 -0.492 0.1969, -1.8463 -0.2975 0.1969, -1.8397 -0.2964 0.1459, -1.8483 -0.2786 0.1969, -1.8608 -0.0992 0.1459, -1.8675 -0.0995 0.1969, -1.8608 0.0992 0.1459, -1.8675 0.0 0.1969, -1.8675 0.0995 0.1969, -1.8483 0.2786 0.1969, -1.8397 0.2964 0.1459, -1.8463 0.2975 0.1969, -1.8042 0.492 0.1969, -1.7978 0.4903 0.1459, -1.7849 0.5505 0.1969, -1.7355 0.6786 0.1459, -1.7417 0.681 0.1969, -1.6535 0.8592 0.1459, -1.683 0.8105 0.1969, -1.6595 0.8623 0.1969, -1.5584 1.0338 0.1969, -1.5528 1.0301 0.1459, -1.5443 1.0528 0.1969, -1.4345 1.1893 0.1459, -1.4397 1.1936 0.1969, -1.3 1.335 0.1459, -1.369 1.2702 0.1969, -1.3047 1.3398 0.1969, -1.1656 1.4616 0.1969, -1.1507 1.4656 0.1459, -1.1549 1.4709 0.1969, -0.992 1.5853 0.1969, -0.9884 1.5796 0.1459, -0.9339 1.6175 0.1969, -0.8149 1.6758 0.1459, -0.8178 1.6818 0.1969, -0.6322 1.7529 0.1459, -0.6825 1.7389 0.1969, -0.6345 1.7592 0.1969, -0.4439 1.8167 0.1969, -0.4423 1.8101 0.1459, -0.4159 1.8219 0.1969, -0.2474 1.8469 0.1459, -0.2483 1.8535 0.1969, -0.0497 1.8627 0.1459, -0.1396 1.8622 0.1969, -0.0498 1.8694 0.1969, 0.1397 1.8644 0.1969, 0.1486 1.8574 0.1459, 0.1492 1.8641 0.1969, 0.3465 1.8377 0.1969, 0.3452 1.8311 0.1459, 0.4155 1.8208 0.1969, 0.5379 1.784 0.1459, 0.5398 1.7905 0.1969, 0.7245 1.7167 0.1459, 0.6825 1.739 0.1969, 0.7271 1.7229 0.1969, 0.9061 1.6359 0.1969, 0.9028 1.63 0.1459, 0.9342 1.6183 0.1969, 1.071 1.5248 0.1459, 1.0748 1.5303 0.1969, 1.227 1.4023 0.1459, 1.1643 1.46 0.1969, 1.2314 1.4074 0.1969, 1.3706 1.2718 0.1969, 1.3691 1.2639 0.1459, 1.374 1.2685 0.1969, 1.5011 1.1153 0.1969, 1.4957 1.1113 0.1459, 1.543 1.0521 0.1969, 1.6053 0.946 0.1459, 1.6111 0.9494 0.1969, 1.6968 0.77 0.1459, 1.6832 0.8106 0.1969, 1.7029 0.7727 0.1969, 1.7754 0.5873 0.1969, 1.769 0.5852 0.1459, 1.7854 0.5508 0.1969, 1.8212 0.3939 0.1459, 1.8278 0.3953 0.1969, 1.8528 0.1981 0.1459, 1.8466 0.2783 0.1969, 1.8594 0.1988 0.1969, 1.87 0.0 0.1969, 1.8633 0.0 0.1459, 1.8594 -0.1988 0.1969, 1.8528 -0.1981 0.1459, 1.8466 -0.2783 0.1969, 1.8212 -0.3939 0.1459, 1.8278 -0.3953 0.1969, 1.7854 -0.5508 0.1969, 1.8332 0.196 0.0984, 1.802 0.3897 0.0984, 1.7504 0.5791 0.0984, 1.6789 0.7618 0.0984, 1.5884 0.936 0.0984, 1.4799 1.0995 0.0984, 1.3547 1.2506 0.0984, 1.2141 1.3875 0.0984, 1.0597 1.5087 0.0984, 0.8933 1.6128 0.0984, 0.7168 1.6986 0.0984, 0.5322 1.7652 0.0984, 0.3416 1.8118 0.0984, 0.1471 1.8378 0.0984, -0.0491 1.8431 0.0984, -0.2448 1.8274 0.0984, -0.4376 1.791 0.0984, -0.6255 1.7344 0.0984, -0.8063 1.6581 0.0984, -0.978 1.563 0.0984, -1.1386 1.4502 0.0984, -1.2863 1.3209 0.0984, -1.4194 1.1767 0.0984, -1.5364 1.0192 0.0984, -1.6361 0.8501 0.0984, -1.7172 0.6714 0.0984, -1.7788 0.4851 0.0984, -1.8203 0.2933 0.0984, -1.8411 0.0981 0.0984, -1.8411 -0.0981 0.0984, -1.8203 -0.2933 0.0984, -1.7788 -0.4851 0.0984, -1.7172 -0.6714 0.0984, -1.6361 -0.8501 0.0984, -1.5364 -1.0192 0.0984, -1.4194 -1.1767 0.0984, -1.2863 -1.3209 0.0984, -1.1386 -1.4502 0.0984, -0.978 -1.563 0.0984, -0.8063 -1.6581 0.0984, -0.6255 -1.7344 0.0984, -0.4376 -1.791 0.0984, -0.2448 -1.8274 0.0984, -0.0491 -1.8431 0.0984, 0.1471 -1.8378 0.0984, 0.3416 -1.8118 0.0984, 0.5322 -1.7652 0.0984, 0.7168 -1.6986 0.0984, 0.8933 -1.6128 0.0984, 1.0597 -1.5087 0.0984, 1.2141 -1.3875 0.0984, 1.3547 -1.2506 0.0984, 1.4799 -1.0995 0.0984, 1.5884 -0.936 0.0984, 1.6789 -0.7618 0.0984, 1.7504 -0.5791 0.0984, 1.802 -0.3897 0.0984, 1.8332 -0.196 0.0984, 1.8437 0.0 0.0984, 1.8021 0.1926 0.0577, 1.7714 0.3831 0.0577, 1.7207 0.5692 0.0577, 1.6504 0.7489 0.0577, 1.5614 0.9201 0.0577, 1.4548 1.0809 0.0577, 1.3317 1.2294 0.0577, 1.1935 1.364 0.0577, 1.0417 1.4831 0.0577, 0.8782 1.5854 0.0577, 0.7047 1.6698 0.0577, 0.5232 1.7353 0.0577, 0.3358 1.781 0.0577, 0.1446 1.8066 0.0577, -0.0483 1.8118 0.0577, -0.2406 1.7964 0.0577, -0.4302 1.7606 0.0577, -0.6149 1.7049 0.0577, -0.7926 1.6299 0.0577, -0.9614 1.5365 0.0577, -1.1193 1.4256 0.0577, -1.2645 1.2985 0.0577, -1.3953 1.1568 0.0577, -1.5104 1.0019 0.0577, -1.6083 0.8357 0.0577, -1.688 0.66 0.0577, -1.7486 0.4769 0.0577, -1.7894 0.2883 0.0577, -1.8099 0.0965 0.0577, -1.8099 -0.0965 0.0577, -1.7894 -0.2883 0.0577, -1.7486 -0.4769 0.0577, -1.688 -0.66 0.0577, -1.6083 -0.8357 0.0577, -1.5104 -1.0019 0.0577, -1.3953 -1.1568 0.0577, -1.2645 -1.2985 0.0577, -1.1193 -1.4256 0.0577, -0.9614 -1.5365 0.0577, -0.7926 -1.6299 0.0577, -0.6149 -1.7049 0.0577, -0.4302 -1.7606 0.0577, -0.2406 -1.7964 0.0577, -0.0483 -1.8118 0.0577, 0.1446 -1.8066 0.0577, 0.3358 -1.781 0.0577, 0.5232 -1.7353 0.0577, 0.7047 -1.6698 0.0577, 0.8782 -1.5854 0.0577, 1.0417 -1.4831 0.0577, 1.1935 -1.364 0.0577, 1.3317 -1.2294 0.0577, 1.4548 -1.0809 0.0577, 1.5614 -0.9201 0.0577, 1.6504 -0.7489 0.0577, 1.7207 -0.5692 0.0577, 1.7714 -0.3831 0.0577, 1.8021 -0.1926 0.0577, 1.8124 0.0 0.0577, 1.7616 0.1883 0.0264, 1.7316 0.3745 0.0264, 1.682 0.5564 0.0264, 1.6133 0.7321 0.0264, 1.5263 0.8994 0.0264, 1.4221 1.0566 0.0264, 1.3017 1.2017 0.0264, 1.1666 1.3333 0.0264, 1.0183 1.4497 0.0264, 0.8584 1.5498 0.0264, 0.6888 1.6322 0.0264, 0.5114 1.6962 0.0264, 0.3282 1.741 0.0264, 0.1413 1.766 0.0264, -0.0472 1.771 0.0264, -0.2352 1.756 0.0264, -0.4205 1.721 0.0264, -0.6011 1.6666 0.0264, -0.7748 1.5933 0.0264, -0.9398 1.5019 0.0264, -1.0941 1.3935 0.0264, -1.236 1.2693 0.0264, -1.3639 1.1307 0.0264, -1.4764 0.9794 0.0264, -1.5721 0.8169 0.0264, -1.6501 0.6452 0.0264, -1.7093 0.4661 0.0264, -1.7491 0.2818 0.0264, -1.7692 0.0943 0.0264, -1.7692 -0.0943 0.0264, -1.7491 -0.2818 0.0264, -1.7093 -0.4661 0.0264, -1.6501 -0.6452 0.0264, -1.5721 -0.8169 0.0264, -1.4764 -0.9794 0.0264, -1.3639 -1.1307 0.0264, -1.236 -1.2693 0.0264, -1.0941 -1.3935 0.0264, -0.9398 -1.5019 0.0264, -0.7748 -1.5933 0.0264, -0.6011 -1.6666 0.0264, -0.4205 -1.721 0.0264, -0.2352 -1.756 0.0264, -0.0472 -1.771 0.0264, 0.1413 -1.766 0.0264, 0.3282 -1.741 0.0264, 0.5114 -1.6962 0.0264, 0.6888 -1.6322 0.0264, 0.8584 -1.5498 0.0264, 1.0183 -1.4497 0.0264, 1.1666 -1.3333 0.0264, 1.3017 -1.2017 0.0264, 1.4221 -1.0566 0.0264, 1.5263 -0.8994 0.0264, 1.6133 -0.7321 0.0264, 1.682 -0.5564 0.0264, 1.7316 -0.3745 0.0264, 1.7616 -0.1883 0.0264, 1.7716 0.0 0.0264, 1.7144 0.1833 0.0067, 1.6852 0.3645 0.0067, 1.6369 0.5415 0.0067, 1.57 0.7125 0.0067, 1.4854 0.8753 0.0067, 1.384 1.0282 0.0067, 1.2668 1.1695 0.0067, 1.1353 1.2976 0.0067, 0.991 1.4109 0.0067, 0.8354 1.5082 0.0067, 0.6704 1.5885 0.0067, 0.4977 1.6508 0.0067, 0.3194 1.6943 0.0067, 0.1375 1.7187 0.0067, -0.0459 1.7236 0.0067, -0.2289 1.7089 0.0067, -0.4092 1.6749 0.0067, -0.585 1.6219 0.0067, -0.754 1.5506 0.0067, -0.9146 1.4616 0.0067, -1.0648 1.3562 0.0067, -1.2029 1.2353 0.0067, -1.3274 1.1004 0.0067, -1.4368 0.9531 0.0067, -1.53 0.795 0.0067, -1.6058 0.6279 0.0067, -1.6635 0.4536 0.0067, -1.7023 0.2743 0.0067, -1.7218 0.0918 0.0067, -1.7218 -0.0918 0.0067, -1.7023 -0.2743 0.0067, -1.6635 -0.4536 0.0067, -1.6058 -0.6279 0.0067, -1.53 -0.795 0.0067, -1.4368 -0.9531 0.0067, -1.3274 -1.1004 0.0067, -1.2029 -1.2353 0.0067, -1.0648 -1.3562 0.0067, -0.9146 -1.4616 0.0067, -0.754 -1.5506 0.0067, -0.585 -1.6219 0.0067, -0.4092 -1.6749 0.0067, -0.2289 -1.7089 0.0067, -0.0459 -1.7236 0.0067, 0.1375 -1.7187 0.0067, 0.3194 -1.6943 0.0067, 0.4977 -1.6508 0.0067, 0.6704 -1.5885 0.0067, 0.8354 -1.5082 0.0067, 0.991 -1.4109 0.0067, 1.1353 -1.2976 0.0067, 1.2668 -1.1695 0.0067, 1.384 -1.0282 0.0067, 1.4854 -0.8753 0.0067, 1.57 -0.7125 0.0067, 1.6369 -0.5415 0.0067, 1.6852 -0.3645 0.0067, 1.7144 -0.1833 0.0067, 1.7241 0.0 0.0067, 1.6637 0.1779 0.0, 1.6354 0.3537 0.0, 1.5885 0.5255 0.0, 1.5236 0.6914 0.0, 1.4415 0.8494 0.0, 1.3431 0.9979 0.0, 1.2294 1.135 0.0, 1.1018 1.2592 0.0, 0.9617 1.3692 0.0, 0.8107 1.4637 0.0, 0.6505 1.5416 0.0, 0.483 1.602 0.0, 0.31 1.6443 0.0, 0.1335 1.6679 0.0, -0.0446 1.6726 0.0, -0.2221 1.6584 0.0, -0.3972 1.6254 0.0, -0.5677 1.574 0.0, -0.7318 1.5048 0.0, -0.8876 1.4185 0.0, -1.0333 1.3161 0.0, -1.1673 1.1988 0.0, -1.2882 1.0679 0.0, -1.3944 0.925 0.0, -1.4848 0.7715 0.0, -1.5584 0.6093 0.0, -1.6143 0.4402 0.0, -1.652 0.2661 0.0, -1.6709 0.0891 0.0, -1.6709 -0.0891 0.0, -1.652 -0.2661 0.0, -1.6143 -0.4402 0.0, -1.5584 -0.6093 0.0, -1.4848 -0.7715 0.0, -1.3944 -0.925 0.0, -1.2882 -1.0679 0.0, -1.1673 -1.1988 0.0, -1.0333 -1.3161 0.0, -0.8876 -1.4185 0.0, -0.7318 -1.5048 0.0, -0.5677 -1.574 0.0, -0.3972 -1.6254 0.0, -0.2221 -1.6584 0.0, -0.0446 -1.6726 0.0, 0.1335 -1.6679 0.0, 0.31 -1.6443 0.0, 0.483 -1.602 0.0, 0.6505 -1.5416 0.0, 0.8107 -1.4637 0.0, 0.9617 -1.3692 0.0, 1.1018 -1.2592 0.0, 1.2294 -1.135 0.0, 1.3431 -0.9979 0.0, 1.4415 -0.8494 0.0, 1.5236 -0.6914 0.0, 1.5885 -0.5255 0.0, 1.6354 -0.3537 0.0, 1.6637 -0.1779 0.0, 1.6732 -0.0 0.0, -1.4151 -0.4858 0.0, -1.4757 -0.2462 0.0, -1.4961 0.0 0.0, -1.1807 -0.9189 0.0, -1.3158 -0.712 0.0, -0.8183 -1.2525 0.0, -1.0133 -1.1007 0.0, -0.3673 -1.4503 0.0, -0.601 -1.3701 0.0, 0.1235 -1.491 0.0, -0.1236 -1.491 0.0, 0.3672 -1.4503 0.0, 0.8182 -1.2525 0.0, 0.6009 -1.3701 0.0, 1.0132 -1.1007 0.0, 0.6009 1.3701 0.0, 0.8182 1.2525 0.0, 1.0132 1.1007 0.0, 1.415 -0.4858 0.0, 1.3157 -0.712 0.0, 1.1806 -0.9189 0.0, 1.496 0.0 0.0, 1.4756 -0.2462 0.0, 1.4756 0.2462 0.0, 0.1235 1.491 0.0, 0.3672 1.4503 0.0, -1.3158 0.712 0.0, -1.1807 0.9189 0.0, -1.0133 1.1007 0.0, -1.4757 0.2462 0.0, -1.4151 0.4858 0.0, -0.1236 1.491 0.0, -0.601 1.3701 0.0, -0.3673 1.4503 0.0, 1.3157 0.712 0.0, 1.415 0.4858 0.0, 1.1806 0.9189 0.0, -0.8183 1.2525 0.0
            ]
        }
        coordIndex [
            0,1,2,-1,3,4,5,-1,6,7,8,-1,8,7,9,-1,4,10,5,-1,5,10,11,-1,5,11,12,-1,9,13,8,-1,8,13,14,-1,8,14,15,-1,16,17,18,-1,16,19,17,-1,17,19,20,-1,17,20,21,-1,15,22,8,-1,8,22,23,-1,8,23,24,-1,23,25,24,-1,24,25,26,-1,24,26,27,-1,26,28,27,-1,27,28,29,-1,27,29,18,-1,18,29,30,-1,18,30,16,-1,31,32,33,-1,33,32,34,-1,33,34,35,-1,35,34,36,-1,20,37,21,-1,21,37,38,-1,21,38,34,-1,34,38,39,-1,34,39,36,-1,40,41,42,-1,42,41,43,-1,43,44,42,-1,42,44,45,-1,42,45,5,-1,5,45,46,-1,5,46,3,-1,40,42,47,-1,47,42,48,-1,47,48,49,-1,50,51,48,-1,48,51,52,-1,53,54,48,-1,48,54,55,-1,48,55,56,-1,56,57,48,-1,48,57,58,-1,48,58,49,-1,52,59,48,-1,48,59,60,-1,48,60,53,-1,61,62,63,-1,62,64,63,-1,63,64,65,-1,63,65,66,-1,66,65,67,-1,66,67,68,-1,68,67,69,-1,68,69,48,-1,48,69,70,-1,48,70,50,-1,71,72,63,-1,63,72,73,-1,63,73,74,-1,74,75,63,-1,63,75,76,-1,63,76,61,-1,31,77,32,-1,32,77,78,-1,32,78,79,-1,79,78,80,-1,79,80,81,-1,81,80,82,-1,83,84,85,-1,85,84,86,-1,85,86,87,-1,87,86,88,-1,87,88,63,-1,63,88,89,-1,63,89,71,-1,82,90,81,-1,81,90,91,-1,81,91,85,-1,85,91,92,-1,85,92,83,-1,93,94,95,-1,96,97,95,-1,98,99,100,-1,100,99,101,-1,100,101,96,-1,97,102,95,-1,95,102,103,-1,95,103,93,-1,94,104,95,-1,95,104,105,-1,95,105,106,-1,105,107,106,-1,106,107,108,-1,106,108,109,-1,108,110,109,-1,109,110,111,-1,109,111,112,-1,112,111,113,-1,112,113,114,-1,114,113,115,-1,114,115,116,-1,115,117,116,-1,116,117,118,-1,116,118,119,-1,119,118,120,-1,119,120,121,-1,121,122,119,-1,119,122,123,-1,119,123,124,-1,124,125,119,-1,119,125,126,-1,119,126,127,-1,128,129,130,-1,131,132,133,-1,133,132,134,-1,133,134,135,-1,135,136,133,-1,133,136,137,-1,133,137,100,-1,100,137,138,-1,100,138,98,-1,139,140,131,-1,139,141,142,-1,143,144,139,-1,139,144,145,-1,139,145,146,-1,146,147,139,-1,139,147,148,-1,139,148,140,-1,142,149,139,-1,139,149,150,-1,139,150,143,-1,151,152,153,-1,153,152,154,-1,155,156,139,-1,139,156,157,-1,139,157,141,-1,158,159,160,-1,160,159,161,-1,160,161,151,-1,162,163,160,-1,160,163,164,-1,160,164,165,-1,165,166,160,-1,160,166,167,-1,160,167,168,-1,168,169,160,-1,160,169,170,-1,160,170,158,-1,129,171,130,-1,130,171,172,-1,130,172,173,-1,174,175,162,-1,162,175,176,-1,162,176,163,-1,173,177,130,-1,130,177,178,-1,130,178,162,-1,162,178,179,-1,162,179,174,-1,180,181,182,-1,182,181,183,-1,182,183,184,-1,185,186,187,-1,187,186,188,-1,187,188,189,-1,184,190,182,-1,182,190,191,-1,182,191,192,-1,192,191,193,-1,192,193,194,-1,189,195,187,-1,187,195,196,-1,187,196,197,-1,193,198,194,-1,194,198,199,-1,194,199,187,-1,187,199,200,-1,187,200,185,-1,196,201,5,-1,180,197,202,-1,202,197,196,-1,202,196,203,-1,203,196,5,-1,203,5,8,-1,8,5,12,-1,8,12,6,-1,204,205,68,-1,68,205,206,-1,68,206,66,-1,207,208,209,-1,209,208,210,-1,209,210,211,-1,211,212,209,-1,209,212,213,-1,209,213,68,-1,68,213,214,-1,68,214,204,-1,215,216,217,-1,217,216,218,-1,219,220,218,-1,218,220,221,-1,218,221,222,-1,222,223,218,-1,218,223,224,-1,218,224,217,-1,154,225,226,-1,226,227,154,-1,154,227,228,-1,154,228,153,-1,153,228,229,-1,153,229,219,-1,152,155,154,-1,154,155,139,-1,154,139,225,-1,225,139,230,-1,131,133,139,-1,139,133,231,-1,139,231,230,-1,232,233,100,-1,100,233,234,-1,100,234,133,-1,133,234,235,-1,133,235,231,-1,96,95,100,-1,100,95,236,-1,100,236,232,-1,237,238,130,-1,130,238,239,-1,130,239,181,-1,127,128,119,-1,119,128,130,-1,119,130,240,-1,240,130,181,-1,240,181,241,-1,241,181,180,-1,241,180,242,-1,242,180,202,-1,243,244,245,-1,245,244,246,-1,245,246,247,-1,243,248,249,-1,249,250,243,-1,243,250,251,-1,243,251,244,-1,244,251,252,-1,244,252,253,-1,253,252,254,-1,253,254,255,-1,255,256,253,-1,253,256,257,-1,253,257,258,-1,259,260,253,-1,253,260,261,-1,262,263,264,-1,264,263,265,-1,261,266,253,-1,253,266,265,-1,253,265,267,-1,267,265,263,-1,258,268,253,-1,253,268,269,-1,253,269,259,-1,160,270,162,-1,162,270,271,-1,162,271,130,-1,130,271,245,-1,130,245,237,-1,237,245,247,-1,272,273,243,-1,272,274,273,-1,273,274,275,-1,273,275,271,-1,271,275,276,-1,271,276,245,-1,245,276,277,-1,245,277,243,-1,243,277,278,-1,243,278,272,-1,279,280,281,-1,281,280,275,-1,281,275,282,-1,282,275,274,-1,282,274,283,-1,283,274,284,-1,285,286,270,-1,270,286,287,-1,270,287,288,-1,289,290,273,-1,289,291,290,-1,290,291,292,-1,290,292,293,-1,293,294,290,-1,290,294,295,-1,290,295,296,-1,288,297,270,-1,270,297,298,-1,270,298,271,-1,271,298,299,-1,271,299,273,-1,273,299,300,-1,273,300,289,-1,296,301,290,-1,290,301,302,-1,290,302,270,-1,270,302,303,-1,270,303,285,-1,151,153,160,-1,160,153,304,-1,160,304,270,-1,270,304,305,-1,270,305,290,-1,306,307,216,-1,215,0,216,-1,216,0,2,-1,216,2,306,-1,306,2,305,-1,219,218,153,-1,153,218,216,-1,153,216,304,-1,304,216,307,-1,304,307,308,-1,309,310,308,-1,308,310,311,-1,308,311,304,-1,304,311,312,-1,304,312,305,-1,305,312,313,-1,305,313,306,-1,1,207,2,-1,2,207,209,-1,2,209,305,-1,305,209,68,-1,305,68,290,-1,290,68,48,-1,290,48,273,-1,273,48,42,-1,273,42,243,-1,243,42,5,-1,243,5,248,-1,248,5,201,-1,314,315,316,-1,316,315,317,-1,316,317,318,-1,318,317,319,-1,318,319,320,-1,320,319,321,-1,320,321,322,-1,314,323,315,-1,315,323,324,-1,315,324,325,-1,325,324,326,-1,325,326,327,-1,326,328,327,-1,327,328,329,-1,327,329,330,-1,330,329,331,-1,330,331,332,-1,332,331,333,-1,333,334,332,-1,332,334,335,-1,332,335,336,-1,336,335,337,-1,336,337,338,-1,338,337,339,-1,338,339,340,-1,340,339,341,-1,341,342,340,-1,340,342,343,-1,340,343,344,-1,344,343,345,-1,344,345,346,-1,345,347,346,-1,346,347,348,-1,346,348,349,-1,348,350,349,-1,349,350,351,-1,349,351,352,-1,351,353,352,-1,352,353,354,-1,352,354,355,-1,355,354,356,-1,355,356,357,-1,357,356,358,-1,357,358,359,-1,359,358,360,-1,360,361,359,-1,359,361,362,-1,359,362,363,-1,363,362,364,-1,363,364,365,-1,364,366,365,-1,365,366,367,-1,365,367,368,-1,367,369,368,-1,368,369,370,-1,368,370,371,-1,370,372,371,-1,371,372,373,-1,371,373,374,-1,374,373,375,-1,374,375,376,-1,376,375,377,-1,376,377,378,-1,378,377,379,-1,379,380,378,-1,378,380,381,-1,378,381,382,-1,382,381,383,-1,382,383,384,-1,384,383,385,-1,384,385,386,-1,386,385,387,-1,387,388,386,-1,386,388,389,-1,386,389,390,-1,389,391,390,-1,390,391,392,-1,390,392,393,-1,393,392,394,-1,393,394,395,-1,395,394,396,-1,395,396,397,-1,397,396,398,-1,398,399,397,-1,397,399,400,-1,397,400,401,-1,401,400,402,-1,401,402,403,-1,403,402,404,-1,403,404,405,-1,405,404,406,-1,406,407,405,-1,405,407,408,-1,405,408,409,-1,408,410,409,-1,409,410,411,-1,409,411,412,-1,412,411,413,-1,412,413,414,-1,414,413,415,-1,414,415,416,-1,416,415,417,-1,417,418,416,-1,416,418,419,-1,416,419,420,-1,420,419,421,-1,420,421,422,-1,422,421,423,-1,422,423,424,-1,424,423,425,-1,425,426,424,-1,424,426,427,-1,424,427,428,-1,427,429,428,-1,428,429,430,-1,428,430,431,-1,431,430,432,-1,431,432,433,-1,433,432,434,-1,433,434,435,-1,435,434,436,-1,436,437,435,-1,435,437,438,-1,435,438,439,-1,439,438,440,-1,439,440,441,-1,441,440,442,-1,441,442,443,-1,443,442,444,-1,444,445,443,-1,443,445,446,-1,443,446,447,-1,446,448,447,-1,447,448,449,-1,447,449,450,-1,450,449,451,-1,450,451,452,-1,452,451,453,-1,452,453,454,-1,454,453,455,-1,455,456,454,-1,454,456,457,-1,454,457,458,-1,458,457,459,-1,458,459,460,-1,460,459,461,-1,460,461,462,-1,462,461,463,-1,463,464,462,-1,462,464,465,-1,462,465,466,-1,466,465,467,-1,466,467,468,-1,468,467,469,-1,468,469,470,-1,470,469,471,-1,470,471,321,-1,321,471,472,-1,321,472,322,-1,466,473,462,-1,462,473,474,-1,462,474,460,-1,460,474,475,-1,460,475,458,-1,458,475,476,-1,458,476,454,-1,454,476,477,-1,454,477,452,-1,452,477,478,-1,452,478,450,-1,450,478,479,-1,450,479,447,-1,447,479,480,-1,447,480,443,-1,443,480,481,-1,443,481,441,-1,441,481,482,-1,441,482,439,-1,439,482,483,-1,439,483,435,-1,435,483,484,-1,435,484,433,-1,433,484,485,-1,433,485,431,-1,431,485,486,-1,431,486,428,-1,428,486,487,-1,428,487,424,-1,424,487,488,-1,424,488,422,-1,422,488,489,-1,422,489,420,-1,420,489,490,-1,420,490,416,-1,416,490,491,-1,416,491,414,-1,414,491,492,-1,414,492,412,-1,412,492,493,-1,412,493,409,-1,409,493,494,-1,409,494,405,-1,405,494,495,-1,405,495,403,-1,403,495,496,-1,403,496,401,-1,401,496,497,-1,401,497,397,-1,397,497,498,-1,397,498,395,-1,395,498,499,-1,395,499,393,-1,393,499,500,-1,393,500,390,-1,390,500,501,-1,390,501,386,-1,386,501,502,-1,386,502,384,-1,384,502,503,-1,384,503,382,-1,382,503,504,-1,382,504,378,-1,378,504,505,-1,378,505,376,-1,376,505,506,-1,376,506,374,-1,374,506,507,-1,374,507,371,-1,371,507,508,-1,371,508,368,-1,368,508,509,-1,368,509,365,-1,365,509,510,-1,365,510,363,-1,363,510,511,-1,363,511,359,-1,359,511,512,-1,359,512,357,-1,357,512,513,-1,357,513,355,-1,355,513,514,-1,355,514,352,-1,352,514,515,-1,352,515,349,-1,349,515,516,-1,349,516,346,-1,346,516,517,-1,346,517,344,-1,344,517,518,-1,344,518,340,-1,340,518,519,-1,340,519,338,-1,338,519,520,-1,338,520,336,-1,336,520,521,-1,336,521,332,-1,332,521,522,-1,332,522,330,-1,330,522,523,-1,330,523,327,-1,327,523,524,-1,327,524,325,-1,325,524,525,-1,325,525,315,-1,315,525,526,-1,315,526,317,-1,317,526,527,-1,317,527,319,-1,319,527,528,-1,319,528,321,-1,321,528,529,-1,321,529,470,-1,470,529,530,-1,470,530,468,-1,468,530,531,-1,468,531,466,-1,466,531,473,-1,531,532,473,-1,473,532,533,-1,473,533,474,-1,474,533,534,-1,474,534,475,-1,475,534,535,-1,475,535,476,-1,476,535,536,-1,476,536,477,-1,477,536,537,-1,477,537,478,-1,478,537,538,-1,478,538,479,-1,479,538,539,-1,479,539,480,-1,480,539,540,-1,480,540,481,-1,481,540,541,-1,481,541,482,-1,482,541,542,-1,482,542,483,-1,483,542,543,-1,483,543,484,-1,484,543,544,-1,484,544,485,-1,485,544,545,-1,485,545,486,-1,486,545,546,-1,486,546,487,-1,487,546,547,-1,487,547,488,-1,488,547,548,-1,488,548,489,-1,489,548,549,-1,489,549,490,-1,490,549,550,-1,490,550,491,-1,491,550,551,-1,491,551,492,-1,492,551,552,-1,492,552,493,-1,493,552,553,-1,493,553,494,-1,494,553,554,-1,494,554,495,-1,495,554,555,-1,495,555,496,-1,496,555,556,-1,496,556,497,-1,497,556,557,-1,497,557,498,-1,498,557,558,-1,498,558,499,-1,499,558,559,-1,499,559,500,-1,500,559,560,-1,500,560,501,-1,501,560,561,-1,501,561,502,-1,502,561,562,-1,502,562,503,-1,503,562,563,-1,503,563,504,-1,504,563,564,-1,504,564,505,-1,505,564,565,-1,505,565,506,-1,506,565,566,-1,506,566,507,-1,507,566,567,-1,507,567,508,-1,508,567,568,-1,508,568,509,-1,509,568,569,-1,509,569,510,-1,510,569,570,-1,510,570,511,-1,511,570,571,-1,511,571,512,-1,512,571,572,-1,512,572,513,-1,513,572,573,-1,513,573,514,-1,514,573,574,-1,514,574,515,-1,515,574,575,-1,515,575,516,-1,516,575,576,-1,516,576,517,-1,517,576,577,-1,517,577,518,-1,518,577,578,-1,518,578,519,-1,519,578,579,-1,519,579,520,-1,520,579,580,-1,520,580,521,-1,521,580,581,-1,521,581,522,-1,522,581,582,-1,522,582,523,-1,523,582,583,-1,523,583,524,-1,524,583,584,-1,524,584,525,-1,525,584,585,-1,525,585,526,-1,526,585,586,-1,526,586,527,-1,527,586,587,-1,527,587,528,-1,528,587,588,-1,528,588,529,-1,529,588,589,-1,529,589,530,-1,530,589,590,-1,530,590,531,-1,531,590,532,-1,590,591,532,-1,532,591,592,-1,532,592,533,-1,533,592,593,-1,533,593,534,-1,534,593,594,-1,534,594,535,-1,535,594,595,-1,535,595,536,-1,536,595,596,-1,536,596,537,-1,537,596,597,-1,537,597,538,-1,538,597,598,-1,538,598,539,-1,539,598,599,-1,539,599,540,-1,540,599,600,-1,540,600,541,-1,541,600,601,-1,541,601,542,-1,542,601,602,-1,542,602,543,-1,543,602,603,-1,543,603,544,-1,544,603,604,-1,544,604,545,-1,545,604,605,-1,545,605,546,-1,546,605,606,-1,546,606,547,-1,547,606,607,-1,547,607,548,-1,548,607,608,-1,548,608,549,-1,549,608,609,-1,549,609,550,-1,550,609,610,-1,550,610,551,-1,551,610,611,-1,551,611,552,-1,552,611,612,-1,552,612,553,-1,553,612,613,-1,553,613,554,-1,554,613,614,-1,554,614,555,-1,555,614,615,-1,555,615,556,-1,556,615,616,-1,556,616,557,-1,557,616,617,-1,557,617,558,-1,558,617,618,-1,558,618,559,-1,559,618,619,-1,559,619,560,-1,560,619,620,-1,560,620,561,-1,561,620,621,-1,561,621,562,-1,562,621,622,-1,562,622,563,-1,563,622,623,-1,563,623,564,-1,564,623,624,-1,564,624,565,-1,565,624,625,-1,565,625,566,-1,566,625,626,-1,566,626,567,-1,567,626,627,-1,567,627,568,-1,568,627,628,-1,568,628,569,-1,569,628,629,-1,569,629,570,-1,570,629,630,-1,570,630,571,-1,571,630,631,-1,571,631,572,-1,572,631,632,-1,572,632,573,-1,573,632,633,-1,573,633,574,-1,574,633,634,-1,574,634,575,-1,575,634,635,-1,575,635,576,-1,576,635,636,-1,576,636,577,-1,577,636,637,-1,577,637,578,-1,578,637,638,-1,578,638,579,-1,579,638,639,-1,579,639,580,-1,580,639,640,-1,580,640,581,-1,581,640,641,-1,581,641,582,-1,582,641,642,-1,582,642,583,-1,583,642,643,-1,583,643,584,-1,584,643,644,-1,584,644,585,-1,585,644,645,-1,585,645,586,-1,586,645,646,-1,586,646,587,-1,587,646,647,-1,587,647,588,-1,588,647,648,-1,588,648,589,-1,589,648,649,-1,589,649,590,-1,590,649,591,-1,649,650,591,-1,591,650,651,-1,591,651,592,-1,592,651,652,-1,592,652,593,-1,593,652,653,-1,593,653,594,-1,594,653,654,-1,594,654,595,-1,595,654,655,-1,595,655,596,-1,596,655,656,-1,596,656,597,-1,597,656,657,-1,597,657,598,-1,598,657,658,-1,598,658,599,-1,599,658,659,-1,599,659,600,-1,600,659,660,-1,600,660,601,-1,601,660,661,-1,601,661,602,-1,602,661,662,-1,602,662,603,-1,603,662,663,-1,603,663,604,-1,604,663,664,-1,604,664,605,-1,605,664,665,-1,605,665,606,-1,606,665,666,-1,606,666,607,-1,607,666,667,-1,607,667,608,-1,608,667,668,-1,608,668,609,-1,609,668,669,-1,609,669,610,-1,610,669,670,-1,610,670,611,-1,611,670,671,-1,611,671,612,-1,612,671,672,-1,612,672,613,-1,613,672,673,-1,613,673,614,-1,614,673,674,-1,614,674,615,-1,615,674,675,-1,615,675,616,-1,616,675,676,-1,616,676,617,-1,617,676,677,-1,617,677,618,-1,618,677,678,-1,618,678,619,-1,619,678,679,-1,619,679,620,-1,620,679,680,-1,620,680,621,-1,621,680,681,-1,621,681,622,-1,622,681,682,-1,622,682,623,-1,623,682,683,-1,623,683,624,-1,624,683,684,-1,624,684,625,-1,625,684,685,-1,625,685,626,-1,626,685,686,-1,626,686,627,-1,627,686,687,-1,627,687,628,-1,628,687,688,-1,628,688,629,-1,629,688,689,-1,629,689,630,-1,630,689,690,-1,630,690,631,-1,631,690,691,-1,631,691,632,-1,632,691,692,-1,632,692,633,-1,633,692,693,-1,633,693,634,-1,634,693,694,-1,634,694,635,-1,635,694,695,-1,635,695,636,-1,636,695,696,-1,636,696,637,-1,637,696,697,-1,637,697,638,-1,638,697,698,-1,638,698,639,-1,639,698,699,-1,639,699,640,-1,640,699,700,-1,640,700,641,-1,641,700,701,-1,641,701,642,-1,642,701,702,-1,642,702,643,-1,643,702,703,-1,643,703,644,-1,644,703,704,-1,644,704,645,-1,645,704,705,-1,645,705,646,-1,646,705,706,-1,646,706,647,-1,647,706,707,-1,647,707,648,-1,648,707,708,-1,648,708,649,-1,649,708,650,-1,708,709,650,-1,650,709,710,-1,650,710,651,-1,651,710,711,-1,651,711,652,-1,652,711,712,-1,652,712,653,-1,653,712,713,-1,653,713,654,-1,654,713,714,-1,654,714,655,-1,655,714,715,-1,655,715,656,-1,656,715,716,-1,656,716,657,-1,657,716,717,-1,657,717,658,-1,658,717,718,-1,658,718,659,-1,659,718,719,-1,659,719,660,-1,660,719,720,-1,660,720,661,-1,661,720,721,-1,661,721,662,-1,662,721,722,-1,662,722,663,-1,663,722,723,-1,663,723,664,-1,664,723,724,-1,664,724,665,-1,665,724,725,-1,665,725,666,-1,666,725,726,-1,666,726,667,-1,667,726,727,-1,667,727,668,-1,668,727,728,-1,668,728,669,-1,669,728,729,-1,669,729,670,-1,670,729,730,-1,670,730,671,-1,671,730,731,-1,671,731,672,-1,672,731,732,-1,672,732,673,-1,673,732,733,-1,673,733,674,-1,674,733,734,-1,674,734,675,-1,675,734,735,-1,675,735,676,-1,676,735,736,-1,676,736,677,-1,677,736,737,-1,677,737,678,-1,678,737,738,-1,678,738,679,-1,679,738,739,-1,679,739,680,-1,680,739,740,-1,680,740,681,-1,681,740,741,-1,681,741,682,-1,682,741,742,-1,682,742,683,-1,683,742,743,-1,683,743,684,-1,684,743,744,-1,684,744,685,-1,685,744,745,-1,685,745,686,-1,686,745,746,-1,686,746,687,-1,687,746,747,-1,687,747,688,-1,688,747,748,-1,688,748,689,-1,689,748,749,-1,689,749,690,-1,690,749,750,-1,690,750,691,-1,691,750,751,-1,691,751,692,-1,692,751,752,-1,692,752,693,-1,693,752,753,-1,693,753,694,-1,694,753,754,-1,694,754,695,-1,695,754,755,-1,695,755,696,-1,696,755,756,-1,696,756,697,-1,697,756,757,-1,697,757,698,-1,698,757,758,-1,698,758,699,-1,699,758,759,-1,699,759,700,-1,700,759,760,-1,700,760,701,-1,701,760,761,-1,701,761,702,-1,702,761,762,-1,702,762,703,-1,703,762,763,-1,703,763,704,-1,704,763,764,-1,704,764,705,-1,705,764,765,-1,705,765,706,-1,706,765,766,-1,706,766,707,-1,707,766,767,-1,707,767,708,-1,708,767,709,-1,768,740,769,-1,769,740,739,-1,769,739,770,-1,771,743,772,-1,772,743,742,-1,772,742,768,-1,768,742,741,-1,768,741,740,-1,773,746,774,-1,774,746,745,-1,774,745,771,-1,771,745,744,-1,771,744,743,-1,775,749,776,-1,776,749,748,-1,776,748,773,-1,773,748,747,-1,773,747,746,-1,777,752,778,-1,778,752,751,-1,778,751,775,-1,775,751,750,-1,775,750,749,-1,779,754,777,-1,777,754,753,-1,777,753,752,-1,780,757,781,-1,781,757,756,-1,781,756,779,-1,779,756,755,-1,779,755,754,-1,782,759,780,-1,780,759,758,-1,780,758,757,-1,783,718,784,-1,784,718,717,-1,784,717,785,-1,786,763,787,-1,787,763,762,-1,787,762,788,-1,788,762,761,-1,788,761,782,-1,782,761,760,-1,782,760,759,-1,789,766,790,-1,790,766,765,-1,790,765,786,-1,786,765,764,-1,786,764,763,-1,791,709,789,-1,789,709,767,-1,789,767,766,-1,792,721,793,-1,793,721,720,-1,793,720,783,-1,783,720,719,-1,783,719,718,-1,794,732,795,-1,795,732,731,-1,795,731,796,-1,797,735,798,-1,798,735,734,-1,798,734,794,-1,794,734,733,-1,794,733,732,-1,799,723,792,-1,792,723,722,-1,792,722,721,-1,739,738,770,-1,770,738,737,-1,770,737,797,-1,797,737,736,-1,797,736,735,-1,800,726,801,-1,801,726,725,-1,801,725,799,-1,799,725,724,-1,799,724,723,-1,802,712,803,-1,803,712,711,-1,803,711,791,-1,791,711,710,-1,791,710,709,-1,717,716,785,-1,785,716,715,-1,785,715,804,-1,804,715,714,-1,804,714,802,-1,802,714,713,-1,802,713,712,-1,731,730,796,-1,796,730,729,-1,796,729,805,-1,805,729,728,-1,805,728,800,-1,800,728,727,-1,800,727,726,-1,
        ]
    }
}
Shape{
    appearance Appearance {
        material  Material 	{
            diffuseColor 0.5019607843137255 0.5019607843137255 0.5019607843137255
            specularColor 0.25098039215686274 0.25098039215686274 0.25098039215686274
            ambientIntensity 0.502
            transparency 0.0
            shininess 0.5
        }
    }
    geometry IndexedFaceSet {
        ccw TRUE
        solid FALSE
        coord DEF co Coordinate {
            point [
                1.496 0.0 0.0, 1.496 -0.0 0.1575, 1.4756 0.2462 0.0, 1.4853 0.1292 0.1575, 1.4756 0.2462 0.1575, 1.4628 0.2966 0.1575, 1.415 0.4858 0.0, 1.415 0.4858 0.1575, 1.3157 0.712 0.0, 1.3157 0.712 0.1575, 1.1806 0.9189 0.0, 1.1806 0.9189 0.1575, 1.0132 1.1007 0.0, 1.0132 1.1007 0.1575, 0.8182 1.2525 0.0, 0.8182 1.2525 0.1575, 0.6009 1.3701 0.0, 0.6009 1.3701 0.1575, 0.3672 1.4503 0.0, 0.3672 1.4503 0.1575, 0.1235 1.491 0.0, 0.1235 1.491 0.1575, 0.0654 1.491 0.1575, -0.1075 1.491 0.1575, -0.1236 1.491 0.0, -0.1236 1.491 0.1575, -0.3673 1.4503 0.0, -0.3228 1.4577 0.1575, -0.3314 1.4563 0.1575, -0.3673 1.4503 0.1575, -0.601 1.3701 0.0, -0.601 1.3701 0.1575, -0.8183 1.2525 0.0, -0.8183 1.2525 0.1575, -1.0133 1.1007 0.0, -1.0133 1.1007 0.1575, -1.0236 1.0895 0.1575, -1.1807 0.9189 0.0, -1.1807 0.9189 0.1575, -1.3158 0.712 0.0, -1.3158 0.712 0.1575, -1.4151 0.4858 0.0, -1.4151 0.4858 0.1575, -1.463 0.2966 0.1575, -1.4757 0.2462 0.0, -1.4757 0.2462 0.1575, -1.4854 0.1292 0.1575, -1.4961 0.0 0.0, -1.4961 0.0 0.1575, -1.487 -0.1099 0.1575, -1.4757 -0.2462 0.0, -1.4757 -0.2462 0.1575, -1.4654 -0.2869 0.1575, -1.4151 -0.4858 0.0, -1.4151 -0.4858 0.1575, -1.3158 -0.712 0.0, -1.3158 -0.712 0.1575, -1.1807 -0.9189 0.0, -1.1807 -0.9189 0.1575, -1.0236 -1.0895 0.1575, -1.0133 -1.1007 0.0, -1.0133 -1.1007 0.1575, -0.8183 -1.2525 0.0, -0.8183 -1.2525 0.1575, -0.7228 -1.3041 0.1575, -0.601 -1.3701 0.0, -0.601 -1.3701 0.1575, -0.3673 -1.4503 0.0, -0.3673 -1.4503 0.1575, -0.1236 -1.491 0.1575, -0.1236 -1.491 0.0, -0.3228 -1.4577 0.1575, -0.3314 -1.4563 0.1575, -0.1075 -1.491 0.1575, 0.0654 -1.491 0.1575, 0.1235 -1.491 0.0, 0.1235 -1.491 0.1575, 0.3672 -1.4503 0.0, 0.3672 -1.4503 0.1575, 0.6009 -1.3701 0.0, 0.6009 -1.3701 0.1575, 0.8182 -1.2525 0.0, 0.7227 -1.3041 0.1575, 0.8182 -1.2525 0.1575, 1.0132 -1.1007 0.0, 1.0132 -1.1007 0.1575, 1.1806 -0.9189 0.0, 1.1806 -0.9189 0.1575, 1.3157 -0.712 0.0, 1.3157 -0.712 0.1575, 1.415 -0.4858 0.0, 1.415 -0.4858 0.1575, 1.4653 -0.2869 0.1575, 1.4756 -0.2462 0.0, 1.4756 -0.2462 0.1575, 1.4869 -0.1099 0.1575, 1.496 0.0 4.685, 1.4756 0.2462 4.685, -0.0001 0.0 4.685, 1.4756 -0.2462 4.685, 1.1806 -0.9189 4.685, 1.3157 -0.712 4.685, 1.415 -0.4858 4.685, 0.6009 -1.3701 4.685, 0.8182 -1.2525 4.685, 1.0132 -1.1007 4.685, -0.1236 -1.491 4.685, 0.1235 -1.491 4.685, 0.3672 -1.4503 4.685, -0.8183 -1.2525 4.685, -0.601 -1.3701 4.685, -0.3673 -1.4503 4.685, -1.3158 -0.712 4.685, -1.1807 -0.9189 4.685, -1.0133 -1.1007 4.685, -1.4961 0.0 4.685, -1.4757 -0.2462 4.685, -1.4151 -0.4858 4.685, -1.3158 0.712 4.685, -1.4151 0.4858 4.685, -1.4757 0.2462 4.685, -0.8183 1.2525 4.685, -1.0133 1.1007 4.685, -1.1807 0.9189 4.685, -0.1236 1.491 4.685, -0.3673 1.4503 4.685, -0.601 1.3701 4.685, 0.6009 1.3701 4.685, 0.3672 1.4503 4.685, 0.1235 1.491 4.685, 1.1806 0.9189 4.685, 1.0132 1.1007 4.685, 0.8182 1.2525 4.685, 1.415 0.4858 4.685, 1.3157 0.712 4.685, 1.496 -0.0 4.8425, 1.4756 0.2462 4.8425, 1.415 0.4858 4.8425, 1.3157 0.712 4.8425, 1.1806 0.9189 4.8425, 1.0132 1.1007 4.8425, 0.8182 1.2525 4.8425, 0.6009 1.3701 4.8425, 0.3672 1.4503 4.8425, 0.1235 1.491 4.8425, -0.1236 1.491 4.8425, -0.3673 1.4503 4.8425, -0.601 1.3701 4.8425, -0.8183 1.2525 4.8425, -1.0133 1.1007 4.8425, -1.1807 0.9189 4.8425, -1.3158 0.712 4.8425, -1.4151 0.4858 4.8425, -1.4757 0.2462 4.8425, -1.4961 0.0 4.8425, -1.4757 -0.2462 4.8425, -1.4151 -0.4858 4.8425, -1.3158 -0.712 4.8425, -1.1807 -0.9189 4.8425, -1.0133 -1.1007 4.8425, -0.8183 -1.2525 4.8425, -0.601 -1.3701 4.8425, -0.3673 -1.4503 4.8425, -0.1236 -1.491 4.8425, 0.1235 -1.491 4.8425, 0.3672 -1.4503 4.8425, 0.6009 -1.3701 4.8425, 0.8182 -1.2525 4.8425, 1.0132 -1.1007 4.8425, 1.1806 -0.9189 4.8425, 1.3157 -0.712 4.8425, 1.415 -0.4858 4.8425, 1.4756 -0.2462 4.8425
            ]
        }
        coordIndex [
            0,1,2,-1,2,1,3,-1,3,4,2,-1,2,4,5,-1,2,5,6,-1,6,5,7,-1,6,7,8,-1,8,7,9,-1,8,9,10,-1,10,9,11,-1,10,11,12,-1,12,11,13,-1,12,13,14,-1,14,13,15,-1,14,15,16,-1,16,15,17,-1,16,17,18,-1,18,17,19,-1,18,19,20,-1,20,19,21,-1,21,22,20,-1,20,22,23,-1,20,23,24,-1,24,23,25,-1,24,25,26,-1,26,25,27,-1,27,28,26,-1,26,28,29,-1,26,29,30,-1,30,29,31,-1,30,31,32,-1,32,31,33,-1,32,33,34,-1,33,35,34,-1,34,35,36,-1,34,36,37,-1,37,36,38,-1,37,38,39,-1,39,38,40,-1,39,40,41,-1,40,42,41,-1,41,42,43,-1,41,43,44,-1,43,45,44,-1,44,45,46,-1,44,46,47,-1,46,48,47,-1,47,48,49,-1,47,49,50,-1,49,51,50,-1,50,51,52,-1,50,52,53,-1,53,52,54,-1,53,54,55,-1,55,54,56,-1,55,56,57,-1,56,58,57,-1,57,58,59,-1,57,59,60,-1,60,59,61,-1,60,61,62,-1,61,63,62,-1,62,63,64,-1,62,64,65,-1,65,64,66,-1,65,66,67,-1,67,66,68,-1,69,70,71,-1,71,70,67,-1,71,67,72,-1,72,67,68,-1,69,73,70,-1,70,73,74,-1,70,74,75,-1,75,74,76,-1,75,76,77,-1,77,76,78,-1,77,78,79,-1,79,78,80,-1,79,80,81,-1,80,82,81,-1,81,82,83,-1,81,83,84,-1,84,83,85,-1,84,85,86,-1,86,85,87,-1,86,87,88,-1,88,87,89,-1,88,89,90,-1,89,91,90,-1,90,91,92,-1,90,92,93,-1,93,92,94,-1,93,94,0,-1,0,94,95,-1,0,95,1,-1,96,97,98,-1,96,98,99,-1,100,101,98,-1,98,101,102,-1,98,102,99,-1,103,104,98,-1,98,104,105,-1,98,105,100,-1,106,107,98,-1,98,107,108,-1,98,108,103,-1,109,110,98,-1,98,110,111,-1,98,111,106,-1,112,113,98,-1,98,113,114,-1,98,114,109,-1,115,116,98,-1,98,116,117,-1,98,117,112,-1,118,119,98,-1,98,119,120,-1,98,120,115,-1,121,122,98,-1,98,122,123,-1,98,123,118,-1,124,125,98,-1,98,125,126,-1,98,126,121,-1,127,128,98,-1,98,128,129,-1,98,129,124,-1,130,131,98,-1,98,131,132,-1,98,132,127,-1,97,133,98,-1,98,133,134,-1,98,134,130,-1,96,135,97,-1,97,135,136,-1,97,136,133,-1,133,136,137,-1,133,137,134,-1,134,137,138,-1,134,138,130,-1,130,138,139,-1,130,139,131,-1,131,139,140,-1,131,140,132,-1,132,140,141,-1,132,141,127,-1,127,141,142,-1,127,142,128,-1,128,142,143,-1,128,143,129,-1,129,143,144,-1,129,144,124,-1,124,144,145,-1,124,145,125,-1,125,145,146,-1,125,146,126,-1,126,146,147,-1,126,147,121,-1,121,147,148,-1,121,148,122,-1,122,148,149,-1,122,149,123,-1,123,149,150,-1,123,150,118,-1,118,150,151,-1,118,151,119,-1,119,151,152,-1,119,152,120,-1,120,152,153,-1,120,153,115,-1,115,153,154,-1,115,154,116,-1,116,154,155,-1,116,155,117,-1,117,155,156,-1,117,156,112,-1,112,156,157,-1,112,157,113,-1,113,157,158,-1,113,158,114,-1,114,158,159,-1,114,159,109,-1,109,159,160,-1,109,160,110,-1,110,160,161,-1,110,161,111,-1,111,161,162,-1,111,162,106,-1,106,162,163,-1,106,163,107,-1,107,163,164,-1,107,164,108,-1,108,164,165,-1,108,165,103,-1,103,165,166,-1,103,166,104,-1,104,166,167,-1,104,167,105,-1,105,167,168,-1,105,168,100,-1,100,168,169,-1,100,169,101,-1,101,169,170,-1,101,170,102,-1,102,170,171,-1,102,171,99,-1,99,171,172,-1,99,172,96,-1,96,172,135,-1,
        ]
    }
}
Shape{
    appearance Appearance {
        material  Material 	{
            diffuseColor 0.25098039215686274 0.25098039215686274 0.25098039215686274
            specularColor 0.12549019607843137 0.12549019607843137 0.12549019607843137
            ambientIntensity 0.251
            transparency 0.0
            shininess 0.5
        }
    }
    geometry IndexedFaceSet {
        ccw TRUE
        solid FALSE
        coord DEF co Coordinate {
            point [
                1.496 -0.0 4.8425, 1.4756 -0.2462 4.8425, 1.6637 -0.1779 4.8425, 0.8182 1.2525 4.8425, 1.0132 1.1007 4.8425, 1.1018 1.2592 4.8425, 1.3157 -0.712 4.8425, 1.5236 -0.6914 4.8425, 1.415 -0.4858 4.8425, 1.5885 -0.5255 4.8425, 1.6354 -0.3537 4.8425, 1.0132 -1.1007 4.8425, 1.2294 -1.135 4.8425, 1.1806 -0.9189 4.8425, 1.3431 -0.9979 4.8425, 1.4415 -0.8494 4.8425, -0.601 -1.3701 4.8425, -0.5677 -1.574 4.8425, -0.3673 -1.4503 4.8425, -0.3972 -1.6254 4.8425, -0.1236 -1.491 4.8425, -1.0133 -1.1007 4.8425, -1.0333 -1.3161 4.8425, -0.8183 -1.2525 4.8425, -0.8876 -1.4185 4.8425, -0.7318 -1.5048 4.8425, -1.3158 -0.712 4.8425, -1.3944 -0.925 4.8425, -1.1807 -0.9189 4.8425, -1.2882 -1.0679 4.8425, -1.1673 -1.1988 4.8425, -1.4757 -0.2462 4.8425, -1.6143 -0.4402 4.8425, -1.4151 -0.4858 4.8425, -1.5584 -0.6093 4.8425, -1.4848 -0.7715 4.8425, 0.6009 -1.3701 4.8425, 0.8107 -1.4637 4.8425, 0.8182 -1.2525 4.8425, 0.9617 -1.3692 4.8425, 1.1018 -1.2592 4.8425, 0.1235 -1.491 4.8425, 0.31 -1.6443 4.8425, 0.3672 -1.4503 4.8425, 0.483 -1.602 4.8425, 0.6505 -1.5416 4.8425, -1.4757 0.2462 4.8425, -1.6709 0.0891 4.8425, -1.4961 0.0 4.8425, -1.6709 -0.0891 4.8425, -1.652 -0.2661 4.8425, -0.8183 1.2525 4.8425, -1.0333 1.3161 4.8425, -1.0133 1.1007 4.8425, -1.1673 1.1988 4.8425, -1.1807 0.9189 4.8425, 1.6732 0.0 4.8425, 1.6637 0.1779 4.8425, 1.4756 0.2462 4.8425, 1.6354 0.3537 4.8425, 1.415 0.4858 4.8425, -0.3673 1.4503 4.8425, -0.5677 1.574 4.8425, -0.601 1.3701 4.8425, -0.7318 1.5048 4.8425, -0.8876 1.4185 4.8425, 1.5885 0.5255 4.8425, 1.5236 0.6914 4.8425, 1.3157 0.712 4.8425, 1.4415 0.8494 4.8425, 1.1806 0.9189 4.8425, 1.3431 0.9979 4.8425, 1.2294 1.135 4.8425, -0.2221 -1.6584 4.8425, -0.0446 -1.6726 4.8425, 0.1335 -1.6679 4.8425, -1.4151 0.4858 4.8425, -1.6143 0.4402 4.8425, -1.652 0.2661 4.8425, -1.2882 1.0679 4.8425, -1.3944 0.925 4.8425, -1.3158 0.712 4.8425, -1.4848 0.7715 4.8425, -1.5584 0.6093 4.8425, 0.1235 1.491 4.8425, -0.0446 1.6726 4.8425, -0.1236 1.491 4.8425, -0.2221 1.6584 4.8425, -0.3972 1.6254 4.8425, 0.9617 1.3692 4.8425, 0.8107 1.4637 4.8425, 0.6009 1.3701 4.8425, 0.6505 1.5416 4.8425, 0.3672 1.4503 4.8425, 0.483 1.602 4.8425, 0.31 1.6443 4.8425, 0.1335 1.6679 4.8425, 1.8466 0.2783 4.6457, 1.8278 0.3953 4.6457, 1.8212 0.3939 4.6966, 1.6832 0.8106 4.6457, 1.6111 0.9494 4.6457, 1.6053 0.946 4.6966, 1.3706 1.2718 4.6457, 1.2314 1.4074 4.6457, 1.227 1.4023 4.6966, 1.1643 1.46 4.6457, 1.0748 1.5303 4.6457, 1.071 1.5248 4.6966, 0.6825 1.739 4.6457, 0.5398 1.7905 4.6457, 0.5379 1.784 4.6966, 0.1397 1.8644 4.6457, -0.0498 1.8694 4.6457, -0.0497 1.8627 4.6966, -0.1396 1.8622 4.6457, -0.2483 1.8535 4.6457, -0.2474 1.8469 4.6966, -0.4159 1.8219 4.6457, -0.4439 1.8167 4.6457, -0.4423 1.8101 4.6966, -0.6825 1.7389 4.6457, -0.8178 1.6818 4.6457, -0.8149 1.6758 4.6966, -1.1656 1.4616 4.6457, -1.3047 1.3398 4.6457, -1.3 1.335 4.6966, -1.369 1.2702 4.6457, -1.4397 1.1936 4.6457, -1.4345 1.1893 4.6966, -1.5443 1.0528 4.6457, -1.5584 1.0338 4.6457, -1.5528 1.0301 4.6966, -1.683 0.8105 4.6457, -1.7417 0.681 4.6457, -1.7355 0.6786 4.6966, -1.8483 0.2786 4.6457, -1.8675 0.0995 4.6457, -1.8608 0.0992 4.6966, -1.8675 0.0 4.6457, -1.8675 -0.0995 4.6457, -1.8608 -0.0992 4.6966, -1.8483 -0.2786 4.6457, -1.8463 -0.2975 4.6457, -1.8397 -0.2964 4.6966, -1.7849 -0.5505 4.6457, -1.7417 -0.681 4.6457, -1.7355 -0.6786 4.6966, -1.5443 -1.0528 4.6457, -1.4397 -1.1936 4.6457, -1.4345 -1.1893 4.6966, -1.1656 -1.4616 4.6457, -1.1549 -1.4709 4.6457, -1.1507 -1.4656 4.6966, -0.9339 -1.6175 4.6457, -0.8178 -1.6818 4.6457, -0.8149 -1.6758 4.6966, -0.4159 -1.8219 4.6457, -0.2483 -1.8535 4.6457, -0.2474 -1.8469 4.6966, 0.1397 -1.8644 4.6457, 0.1492 -1.8641 4.6457, 0.1486 -1.8574 4.6966, 0.4155 -1.8208 4.6457, 0.5398 -1.7905 4.6457, 0.5379 -1.784 4.6966, 0.9342 -1.6183 4.6457, 1.0748 -1.5303 4.6457, 1.071 -1.5248 4.6966, 1.3706 -1.2718 4.6457, 1.374 -1.2685 4.6457, 1.3691 -1.2639 4.6966, 1.543 -1.0521 4.6457, 1.6111 -0.9494 4.6457, 1.6053 -0.946 4.6966, 1.7854 -0.5508 4.6457, 1.8278 -0.3953 4.6457, 1.8212 -0.3939 4.6966, 1.7144 -0.1833 4.8358, 1.6852 -0.3645 4.8358, 1.7616 -0.1883 4.8162, 1.7316 -0.3745 4.8162, 1.8021 -0.1926 4.7849, 1.7714 -0.3831 4.7849, 1.8332 -0.196 4.7441, 1.802 -0.3897 4.7441, 1.8528 -0.1981 4.6966, 1.57 -0.7125 4.8358, 1.4854 -0.8753 4.8358, 1.6133 -0.7321 4.8162, 1.5263 -0.8994 4.8162, 1.6504 -0.7489 4.7849, 1.5614 -0.9201 4.7849, 1.6789 -0.7618 4.7441, 1.5884 -0.936 4.7441, 1.6968 -0.77 4.6966, 1.1353 -1.2976 4.8358, 0.991 -1.4109 4.8358, 1.1666 -1.3333 4.8162, 1.0183 -1.4497 4.8162, 1.1935 -1.364 4.7849, 1.0417 -1.4831 4.7849, 1.2141 -1.3875 4.7441, 1.0597 -1.5087 4.7441, 1.227 -1.4023 4.6966, 0.6704 -1.5885 4.8358, 0.4977 -1.6508 4.8358, 0.6888 -1.6322 4.8162, 0.5114 -1.6962 4.8162, 0.7047 -1.6698 4.7849, 0.5232 -1.7353 4.7849, 0.7168 -1.6986 4.7441, 0.5322 -1.7652 4.7441, 0.7245 -1.7167 4.6966, -0.0459 -1.7236 4.8358, -0.2289 -1.7089 4.8358, -0.0472 -1.771 4.8162, -0.2352 -1.756 4.8162, -0.0483 -1.8118 4.7849, -0.2406 -1.7964 4.7849, -0.0491 -1.8431 4.7441, -0.2448 -1.8274 4.7441, -0.0497 -1.8627 4.6966, -0.585 -1.6219 4.8358, -0.754 -1.5506 4.8358, -0.6011 -1.6666 4.8162, -0.7748 -1.5933 4.8162, -0.6149 -1.7049 4.7849, -0.7926 -1.6299 4.7849, -0.6255 -1.7344 4.7441, -0.8063 -1.6581 4.7441, -0.6322 -1.7529 4.6966, -1.2029 -1.2353 4.8358, -1.3274 -1.1004 4.8358, -1.236 -1.2693 4.8162, -1.3639 -1.1307 4.8162, -1.2645 -1.2985 4.7849, -1.3953 -1.1568 4.7849, -1.2863 -1.3209 4.7441, -1.4194 -1.1767 4.7441, -1.3 -1.335 4.6966, -1.53 -0.795 4.8358, -1.6058 -0.6279 4.8358, -1.5721 -0.8169 4.8162, -1.6501 -0.6452 4.8162, -1.6083 -0.8357 4.7849, -1.688 -0.66 4.7849, -1.6361 -0.8501 4.7441, -1.7172 -0.6714 4.7441, -1.6535 -0.8592 4.6966, -1.6635 0.4536 4.8358, -1.6058 0.6279 4.8358, -1.7093 0.4661 4.8162, -1.6501 0.6452 4.8162, -1.7486 0.4769 4.7849, -1.688 0.66 4.7849, -1.7788 0.4851 4.7441, -1.7172 0.6714 4.7441, -1.7978 0.4903 4.6966, -0.9146 1.4616 4.8358, -0.754 1.5506 4.8358, -0.9398 1.5019 4.8162, -0.7748 1.5933 4.8162, -0.9614 1.5365 4.7849, -0.7926 1.6299 4.7849, -0.978 1.563 4.7441, -0.8063 1.6581 4.7441, -0.9884 1.5796 4.6966, 0.3194 1.6943 4.8358, 0.4977 1.6508 4.8358, 0.3282 1.741 4.8162, 0.5114 1.6962 4.8162, 0.3358 1.781 4.7849, 0.5232 1.7353 4.7849, 0.3416 1.8118 4.7441, 0.5322 1.7652 4.7441, 0.3452 1.8311 4.6966, 0.8354 1.5082 4.8358, 0.991 1.4109 4.8358, 0.8584 1.5498 4.8162, 1.0183 1.4497 4.8162, 0.8782 1.5854 4.7849, 1.0417 1.4831 4.7849, 0.8933 1.6128 4.7441, 1.0597 1.5087 4.7441, 0.9028 1.63 4.6966, 1.384 1.0282 4.8358, 1.4854 0.8753 4.8358, 1.4221 1.0566 4.8162, 1.5263 0.8994 4.8162, 1.4548 1.0809 4.7849, 1.5614 0.9201 4.7849, 1.4799 1.0995 4.7441, 1.5884 0.936 4.7441, 1.4957 1.1113 4.6966, 1.6369 0.5415 4.8358, 1.6852 0.3645 4.8358, 1.682 0.5564 4.8162, 1.7316 0.3745 4.8162, 1.7207 0.5692 4.7849, 1.7714 0.3831 4.7849, 1.7504 0.5791 4.7441, 1.802 0.3897 4.7441, 1.769 0.5852 4.6966, 1.7241 0.0 4.8358, 1.7716 0.0 4.8162, 1.8124 0.0 4.7849, 1.8437 0.0 4.7441, 1.8633 0.0 4.6966, 1.87 -0.0 4.6457, 1.8594 -0.1988 4.6457, 1.8466 -0.2783 4.6457, 1.7754 -0.5873 4.6457, 1.769 -0.5852 4.6966, 1.7504 -0.5791 4.7441, 1.7207 -0.5692 4.7849, 1.682 -0.5564 4.8162, 1.6369 -0.5415 4.8358, 1.7029 -0.7727 4.6457, 1.6832 -0.8106 4.6457, 1.5011 -1.1153 4.6457, 1.4957 -1.1113 4.6966, 1.4799 -1.0995 4.7441, 1.4548 -1.0809 4.7849, 1.4221 -1.0566 4.8162, 1.384 -1.0282 4.8358, 1.2668 -1.1695 4.8358, 1.3017 -1.2017 4.8162, 1.3317 -1.2294 4.7849, 1.3547 -1.2506 4.7441, 1.2314 -1.4074 4.6457, 1.1643 -1.46 4.6457, 0.9061 -1.6359 4.6457, 0.9028 -1.63 4.6966, 0.8933 -1.6128 4.7441, 0.8782 -1.5854 4.7849, 0.8584 -1.5498 4.8162, 0.8354 -1.5082 4.8358, 0.7271 -1.7229 4.6457, 0.6825 -1.739 4.6457, 0.3465 -1.8377 4.6457, 0.3452 -1.8311 4.6966, 0.3416 -1.8118 4.7441, 0.3358 -1.781 4.7849, 0.3282 -1.741 4.8162, 0.3194 -1.6943 4.8358, 0.1375 -1.7187 4.8358, 0.1413 -1.766 4.8162, 0.1446 -1.8066 4.7849, 0.1471 -1.8378 4.7441, -0.0498 -1.8694 4.6457, -0.1396 -1.8622 4.6457, -0.4439 -1.8167 4.6457, -0.4423 -1.8101 4.6966, -0.4376 -1.791 4.7441, -0.4302 -1.7606 4.7849, -0.4205 -1.721 4.8162, -0.4092 -1.6749 4.8358, -0.6345 -1.7592 4.6457, -0.6825 -1.7389 4.6457, -0.992 -1.5853 4.6457, -0.9884 -1.5796 4.6966, -0.978 -1.563 4.7441, -0.9614 -1.5365 4.7849, -0.9398 -1.5019 4.8162, -0.9146 -1.4616 4.8358, -1.0648 -1.3562 4.8358, -1.0941 -1.3935 4.8162, -1.1193 -1.4256 4.7849, -1.1386 -1.4502 4.7441, -1.3047 -1.3398 4.6457, -1.369 -1.2702 4.6457, -1.5584 -1.0338 4.6457, -1.5528 -1.0301 4.6966, -1.5364 -1.0192 4.7441, -1.5104 -1.0019 4.7849, -1.4764 -0.9794 4.8162, -1.4368 -0.9531 4.8358, -1.6595 -0.8623 4.6457, -1.683 -0.8105 4.6457, -1.8042 -0.492 4.6457, -1.7978 -0.4903 4.6966, -1.7788 -0.4851 4.7441, -1.7486 -0.4769 4.7849, -1.7093 -0.4661 4.8162, -1.6635 -0.4536 4.8358, -1.7023 -0.2743 4.8358, -1.7491 -0.2818 4.8162, -1.7894 -0.2883 4.7849, -1.8203 -0.2933 4.7441, -1.8411 -0.0981 4.7441, -1.8099 -0.0965 4.7849, -1.7692 -0.0943 4.8162, -1.7218 -0.0918 4.8358, -1.8411 0.0981 4.7441, -1.8099 0.0965 4.7849, -1.7692 0.0943 4.8162, -1.7218 0.0918 4.8358, -1.8463 0.2975 4.6457, -1.8397 0.2964 4.6966, -1.8203 0.2933 4.7441, -1.7894 0.2883 4.7849, -1.7491 0.2818 4.8162, -1.7023 0.2743 4.8358, -1.8042 0.492 4.6457, -1.7849 0.5505 4.6457, -1.6595 0.8623 4.6457, -1.6535 0.8592 4.6966, -1.6361 0.8501 4.7441, -1.6083 0.8357 4.7849, -1.5721 0.8169 4.8162, -1.53 0.795 4.8358, -1.4368 0.9531 4.8358, -1.4764 0.9794 4.8162, -1.5104 1.0019 4.7849, -1.5364 1.0192 4.7441, -1.4194 1.1767 4.7441, -1.3953 1.1568 4.7849, -1.3639 1.1307 4.8162, -1.3274 1.1004 4.8358, -1.2863 1.3209 4.7441, -1.2645 1.2985 4.7849, -1.236 1.2693 4.8162, -1.2029 1.2353 4.8358, -1.1549 1.4709 4.6457, -1.1507 1.4656 4.6966, -1.1386 1.4502 4.7441, -1.1193 1.4256 4.7849, -1.0941 1.3935 4.8162, -1.0648 1.3562 4.8358, -0.992 1.5853 4.6457, -0.9339 1.6175 4.6457, -0.6345 1.7592 4.6457, -0.6322 1.7529 4.6966, -0.6255 1.7344 4.7441, -0.6149 1.7049 4.7849, -0.6011 1.6666 4.8162, -0.585 1.6219 4.8358, -0.4092 1.6749 4.8358, -0.4205 1.721 4.8162, -0.4302 1.7606 4.7849, -0.4376 1.791 4.7441, -0.2448 1.8274 4.7441, -0.2406 1.7964 4.7849, -0.2352 1.756 4.8162, -0.2289 1.7089 4.8358, -0.0491 1.8431 4.7441, -0.0483 1.8118 4.7849, -0.0472 1.771 4.8162, -0.0459 1.7236 4.8358, 0.1492 1.8641 4.6457, 0.1486 1.8574 4.6966, 0.1471 1.8378 4.7441, 0.1446 1.8066 4.7849, 0.1413 1.766 4.8162, 0.1375 1.7187 4.8358, 0.3465 1.8377 4.6457, 0.4155 1.8208 4.6457, 0.7271 1.7229 4.6457, 0.7245 1.7167 4.6966, 0.7168 1.6986 4.7441, 0.7047 1.6698 4.7849, 0.6888 1.6322 4.8162, 0.6704 1.5885 4.8358, 0.9061 1.6359 4.6457, 0.9342 1.6183 4.6457, 1.2141 1.3875 4.7441, 1.1935 1.364 4.7849, 1.1666 1.3333 4.8162, 1.1353 1.2976 4.8358, 1.374 1.2685 4.6457, 1.3691 1.2639 4.6966, 1.3547 1.2506 4.7441, 1.3317 1.2294 4.7849, 1.3017 1.2017 4.8162, 1.2668 1.1695 4.8358, 1.5011 1.1153 4.6457, 1.543 1.0521 4.6457, 1.7029 0.7727 4.6457, 1.6968 0.77 4.6966, 1.6789 0.7618 4.7441, 1.6504 0.7489 4.7849, 1.6133 0.7321 4.8162, 1.57 0.7125 4.8358, 1.7754 0.5873 4.6457, 1.7854 0.5508 4.6457, 1.8594 0.1988 4.6457, 1.8528 0.1981 4.6966, 1.8332 0.196 4.7441, 1.8021 0.1926 4.7849, 1.7616 0.1883 4.8162, 1.7144 0.1833 4.8358, 1.8491 -0.2787 3.9961, 1.87 -0.0 3.9961, 1.7869 -0.5512 3.9961, 1.6848 -0.8114 3.9961, 1.5451 -1.0535 3.9961, 1.3708 -1.272 3.9961, 1.1659 -1.4621 3.9961, 0.935 -1.6195 3.9961, 0.6832 -1.7408 3.9961, 0.4161 -1.8232 3.9961, 0.1397 -1.8648 3.9961, -0.1398 -1.8648 3.9961, -0.4162 -1.8232 3.9961, -0.6833 -1.7408 3.9961, -0.9351 -1.6195 3.9961, -1.166 -1.4621 3.9961, -1.3709 -1.272 3.9961, -1.5452 -1.0535 3.9961, -1.6849 -0.8114 3.9961, -1.787 -0.5512 3.9961, -1.8492 -0.2787 3.9961, -1.8701 0.0 3.9961, -1.8492 0.2787 3.9961, -1.787 0.5512 3.9961, -1.6849 0.8114 3.9961, -1.5452 1.0535 3.9961, -1.3709 1.272 3.9961, -1.166 1.4621 3.9961, -0.9351 1.6195 3.9961, -0.6833 1.7408 3.9961, -0.4162 1.8232 3.9961, -0.1398 1.8648 3.9961, 0.1397 1.8648 3.9961, 0.4161 1.8232 3.9961, 0.6832 1.7408 3.9961, 0.935 1.6195 3.9961, 1.1659 1.4621 3.9961, 1.3708 1.272 3.9961, 1.5451 1.0535 3.9961, 1.6848 0.8114 3.9961, 1.7869 0.5512 3.9961, 1.8491 0.2787 3.9961, -1.4094 -1.1684 3.9961, -1.2772 -1.3116 3.9961, -1.1306 -1.4399 3.9961, -0.9711 -1.552 3.9961, -0.8006 -1.6464 3.9961, -0.6211 -1.7221 3.9961, -1.8282 0.0974 3.9961, -1.8282 -0.0974 3.9961, -1.8075 -0.2912 3.9961, -0.4345 -1.7784 3.9961, -0.243 -1.8145 3.9961, -0.0488 -1.8301 3.9961, 0.146 -1.8249 3.9961, 1.7893 0.387 3.9961, 1.738 0.575 3.9961, -1.7663 -0.4817 3.9961, -1.7051 -0.6667 3.9961, -1.6245 -0.8441 3.9961, -1.5256 -1.012 3.9961, 0.3392 -1.799 3.9961, 0.5285 -1.7528 3.9961, 0.7118 -1.6867 3.9961, 0.887 -1.6014 3.9961, 1.0522 -1.4981 3.9961, 1.2055 -1.3777 3.9961, 1.3451 -1.2418 3.9961, 1.4695 -1.0918 3.9961, 1.5772 -0.9294 3.9961, 1.6671 -0.7565 3.9961, -0.243 1.8145 3.9961, -0.4345 1.7784 3.9961, -0.6211 1.7221 3.9961, -0.8006 1.6464 3.9961, -0.9711 1.552 3.9961, -1.1306 1.4399 3.9961, -1.2772 1.3116 3.9961, -1.4094 1.1684 3.9961, -1.5256 1.012 3.9961, 1.738 -0.575 3.9961, 1.7893 -0.387 3.9961, 1.8203 -0.1946 3.9961, 1.8307 0.0 3.9961, 1.8203 0.1946 3.9961, 1.0522 1.4981 3.9961, 0.887 1.6014 3.9961, -1.6245 0.8441 3.9961, -1.7051 0.6667 3.9961, -1.7663 0.4817 3.9961, -1.8075 0.2912 3.9961, 1.6671 0.7565 3.9961, 1.5772 0.9294 3.9961, 1.4695 1.0918 3.9961, 1.3451 1.2418 3.9961, 1.2055 1.3777 3.9961, 0.7118 1.6867 3.9961, 0.5285 1.7528 3.9961, 0.3392 1.799 3.9961, 0.146 1.8249 3.9961, -0.0488 1.8301 3.9961, -1.6913 0.2679 3.878, -1.7102 0.0911 3.878, -1.7142 0.0914 3.9085, -1.7102 0.0 3.878, -1.7102 -0.0911 3.878, -1.7142 -0.0914 3.9085, 1.6283 -0.5291 3.878, 1.6738 -0.362 3.878, 1.6778 -0.3629 3.9085, 1.4449 1.0735 3.992, 1.5509 0.9139 3.992, 1.5263 0.8994 3.9802, 1.7899 0.1913 3.992, -0.9549 -1.526 3.992, -1.1117 -1.4159 3.992, -1.0941 -1.3935 3.9802, 1.1854 1.3547 3.992, 1.3226 1.2211 3.992, 1.3017 1.2017 3.9802, -0.7873 -1.6189 3.992, -0.9398 -1.5019 3.9802, -1.079 -1.3743 3.9615, 1.0346 1.4731 3.992, 1.1666 1.3333 3.9802, 1.2837 1.1851 3.9615, 1.591 0.722 3.9615, 1.6133 0.7321 3.9802, 1.6392 0.7438 3.992, 1.7372 -0.1857 3.9615, 1.7471 0.0 3.9615, 1.7716 0.0 3.9802, -0.6107 -1.6934 3.992, -0.7748 -1.5933 3.9802, -0.9268 -1.4812 3.9615, -1.0674 -1.3595 3.937, 0.8722 1.5747 3.992, 1.0183 1.4497 3.9802, 1.1505 1.3149 3.9615, 1.2699 1.1724 3.937, 1.6409 0.5429 3.937, 1.6587 0.5488 3.9615, 1.682 0.5564 3.9802, 1.709 0.5654 3.992, -0.4273 -1.7487 3.992, -0.6011 -1.6666 3.9802, -0.7641 -1.5713 3.9615, -0.9168 -1.4652 3.937, -1.0601 -1.3502 3.9085, -1.3306 -1.1032 3.937, -1.2059 -1.2383 3.937, -1.2189 -1.2518 3.9615, 0.6999 1.6585 3.992, 0.8584 1.5498 3.9802, 1.0042 1.4297 3.9615, 1.1381 1.3008 3.937, 1.2613 1.1644 3.9085, 1.4891 0.8775 3.937, 1.3874 1.0308 3.937, 1.4024 1.042 3.9615, 1.6778 0.3629 3.9085, 1.6893 0.3654 3.937, 1.7077 0.3693 3.9615, 1.7316 0.3745 3.9802, 1.7594 0.3805 3.992, 1.7068 -0.1825 3.9085, 1.7186 -0.1837 3.937, 1.5632 -0.7093 3.9085, 1.6297 -0.5392 3.9085, 1.6409 -0.5429 3.937, 1.6893 -0.3654 3.937, 1.7077 -0.3693 3.9615, 1.7616 -0.1883 3.9802, 1.8001 0.0 3.992, 1.7594 -0.3805 3.992, 1.709 -0.5654 3.992, 1.682 -0.5564 3.9802, 1.6133 -0.7321 3.9802, 1.591 -0.722 3.9615, 1.5053 -0.887 3.9615, 1.4891 -0.8775 3.937, 1.3874 -1.0308 3.937, 1.3779 -1.0237 3.9085, 1.2613 -1.1644 3.9085, 1.5509 -0.9139 3.992, 1.4449 -1.0735 3.992, 1.4221 -1.0566 3.9802, 1.3017 -1.2017 3.9802, 1.2837 -1.1851 3.9615, 1.1505 -1.3149 3.9615, 1.1381 -1.3008 3.937, 0.9934 -1.4144 3.937, 0.9866 -1.4047 3.9085, 0.8317 -1.5016 3.9085, 1.1854 -1.3547 3.992, 1.0346 -1.4731 3.992, 1.0183 -1.4497 3.9802, 0.8584 -1.5498 3.9802, 0.8466 -1.5284 3.9615, 0.6793 -1.6097 3.9615, 0.672 -1.5924 3.937, 0.4989 -1.6548 3.937, 0.4955 -1.6435 3.9085, 0.318 -1.6869 3.9085, 0.6999 -1.6585 3.992, 0.5196 -1.7235 3.992, 0.5114 -1.6962 3.9802, 0.3282 -1.741 3.9802, 0.3237 -1.7169 3.9615, 0.1394 -1.7416 3.9615, 0.1379 -1.7229 3.937, -0.0461 -1.7278 3.937, -0.0457 -1.716 3.9085, -0.2279 -1.7014 3.9085, 0.1436 -1.7944 3.992, -0.048 -1.7995 3.992, -0.0472 -1.771 3.9802, -0.2352 -1.756 3.9802, -0.2319 -1.7317 3.9615, -0.4147 -1.6973 3.9615, -0.4103 -1.679 3.937, -0.5864 -1.6259 3.937, -0.5824 -1.6148 3.9085, -0.7507 -1.5438 3.9085, -1.1976 -1.2299 3.9085, -1.3216 -1.0956 3.9085, -1.4305 -0.9489 3.9085, -1.5254 -0.7772 3.878, -1.5197 -0.7897 3.878, -1.5233 -0.7915 3.9085, -1.4404 -0.9555 3.937, -1.3451 -1.1151 3.9615, -1.236 -1.2693 3.9802, -1.2559 -1.2897 3.992, -1.3859 -1.1489 3.992, -1.3639 -1.1307 3.9802, -1.4764 -0.9794 3.9802, -1.456 -0.9658 3.9615, -1.5504 -0.8056 3.9615, -1.5338 -0.797 3.937, -1.6098 -0.6294 3.937, -1.5988 -0.6251 3.9085, -1.6562 -0.4516 3.9085, -1.5001 -0.9951 3.992, -1.5721 -0.8169 3.9802, -1.6273 -0.6363 3.9615, -1.6676 -0.4548 3.937, -1.6948 -0.2731 3.9085, -1.6908 -0.2724 3.878, -1.6913 -0.2679 3.878, -1.7368 -0.4736 3.992, -1.7773 -0.2863 3.992, -1.7491 -0.2818 3.9802, -1.7692 -0.0943 3.9802, -1.7448 -0.093 3.9615, -1.7448 0.093 3.9615, -1.726 0.092 3.937, -1.7065 0.2749 3.937, -1.6948 0.2731 3.9085, -1.6562 0.4516 3.9085, -1.7976 0.0958 3.992, -1.7773 0.2863 3.992, -1.7491 0.2818 3.9802, -1.7093 0.4661 3.9802, -1.6857 0.4597 3.9615, -1.6273 0.6363 3.9615, -1.6098 0.6294 3.937, -1.5338 0.797 3.937, -1.5233 0.7915 3.9085, -1.4305 0.9489 3.9085, -1.6766 0.6555 3.992, -1.5974 0.83 3.992, -1.5721 0.8169 3.9802, -1.4764 0.9794 3.9802, -1.456 0.9658 3.9615, -1.3451 1.1151 3.9615, -1.3306 1.1032 3.937, -1.2059 1.2383 3.937, -1.1976 1.2299 3.9085, -1.0601 1.3502 3.9085, -1.3859 1.1489 3.992, -1.2559 1.2897 3.992, -1.236 1.2693 3.9802, -1.0941 1.3935 3.9802, -1.079 1.3743 3.9615, -0.9268 1.4812 3.9615, -0.9168 1.4652 3.937, -0.7559 1.5544 3.937, -0.7507 1.5438 3.9085, -0.5824 1.6148 3.9085, -0.9549 1.526 3.992, -0.7873 1.6189 3.992, -0.7748 1.5933 3.9802, -0.6011 1.6666 3.9802, -0.5928 1.6436 3.9615, -0.4147 1.6973 3.9615, -0.4103 1.679 3.937, -0.2295 1.7131 3.937, -0.2279 1.7014 3.9085, -0.0457 1.716 3.9085, -0.4273 1.7487 3.992, -0.239 1.7842 3.992, -0.2352 1.756 3.9802, -0.0472 1.771 3.9802, -0.0466 1.7466 3.9615, 0.1394 1.7416 3.9615, 0.1379 1.7229 3.937, 0.3202 1.6985 3.937, 0.318 1.6869 3.9085, 0.4955 1.6435 3.9085, 0.1436 1.7944 3.992, 0.3335 1.769 3.992, 0.3282 1.741 3.9802, 0.5114 1.6962 3.9802, 0.5044 1.6728 3.9615, 0.6793 1.6097 3.9615, 0.672 1.5924 3.937, 0.8375 1.512 3.937, 0.8317 1.5016 3.9085, 0.9866 1.4047 3.9085, 1.3779 1.0237 3.9085, 1.4789 0.8715 3.9085, 1.5632 0.7093 3.9085, 1.6283 0.5291 3.878, 1.6259 0.5379 3.878, 1.6297 0.5392 3.9085, 1.5739 0.7142 3.937, 1.5053 0.887 3.9615, 1.4221 1.0566 3.9802, 1.7284 0.0 3.937, 1.7166 0.0 3.9085, 1.7028 -0.182 3.878, 1.7125 -0.0 3.878, 1.6891 -0.2675 3.878, 1.3847 -1.0062 3.878, 1.4754 -0.8694 3.878, 1.4789 -0.8715 3.9085, 1.5739 -0.7142 3.937, 1.6587 -0.5488 3.9615, 1.7316 -0.3745 3.9802, 1.7899 -0.1913 3.992, 1.5238 -0.7764 3.878, 1.5595 -0.7077 3.878, 1.6259 -0.5379 3.878, 1.0058 -1.3845 3.878, 1.1277 -1.2889 3.878, 1.1304 -1.2919 3.9085, 1.2699 -1.1724 3.937, 1.4024 -1.042 3.9615, 1.5263 -0.8994 3.9802, 1.6392 -0.7438 3.992, 1.2094 -1.2094 3.878, 1.2583 -1.1617 3.878, 1.3747 -1.0213 3.878, 0.5286 -1.6273 3.878, 0.6658 -1.5778 3.878, 0.6674 -1.5815 3.9085, 0.8375 -1.512 3.937, 1.0042 -1.4297 3.9615, 1.1666 -1.3333 3.9802, 1.3226 -1.2211 3.992, 0.7765 -1.524 3.878, 0.8298 -1.4981 3.878, 0.9843 -1.4014 3.878, -0.0001 -1.7108 3.878, 0.1366 -1.7071 3.878, 0.1369 -1.7112 3.9085, 0.3202 -1.6985 3.937, 0.5044 -1.6728 3.9615, 0.6888 -1.6322 3.9802, 0.8722 -1.5747 3.992, 0.2676 -1.6896 3.878, 0.3173 -1.6829 3.878, 0.4944 -1.6397 3.878, -0.5287 -1.6268 3.878, -0.4065 -1.6637 3.878, -0.4075 -1.6676 3.9085, -0.2295 -1.7131 3.937, -0.0466 -1.7466 3.9615, 0.1413 -1.766 3.9802, 0.3335 -1.769 3.992, -0.2676 -1.6899 3.878, -0.2274 -1.6974 3.878, -0.0456 -1.712 3.878, -1.0054 -1.3837 3.878, -0.9084 -1.4518 3.878, -0.9106 -1.4552 3.9085, -0.7559 -1.5544 3.937, -0.5928 -1.6436 3.9615, -0.4205 -1.721 3.9802, -0.239 -1.7842 3.992, -0.7769 -1.5247 3.878, -0.749 -1.5402 3.878, -0.581 -1.611 3.878, -1.0576 -1.347 3.878, -1.1948 -1.227 3.878, -1.4272 -0.9467 3.878, -1.3837 -1.0053 3.878, -1.3185 -1.0931 3.878, -1.2103 -1.2103 3.878, -1.6523 -0.4506 3.878, -1.6265 -0.5285 3.878, -1.5951 -0.6237 3.878, -1.7065 -0.2749 3.937, -1.6857 -0.4597 3.9615, -1.6501 -0.6452 3.9802, -1.5974 -0.83 3.992, -1.726 -0.092 3.937, -1.725 -0.2779 3.9615, -1.7093 -0.4661 3.9802, -1.6766 -0.6555 3.992, -1.5254 0.7772 3.878, -1.5951 0.6237 3.878, -1.5988 0.6251 3.9085, -1.6676 0.4548 3.937, -1.725 0.2779 3.9615, -1.7692 0.0943 3.9802, -1.7976 -0.0958 3.992, -1.6265 0.5285 3.878, -1.6523 0.4506 3.878, -1.6908 0.2724 3.878, -1.2103 1.2103 3.878, -1.3185 1.0931 3.878, -1.3216 1.0956 3.9085, -1.4404 0.9555 3.937, -1.5504 0.8056 3.9615, -1.6501 0.6452 3.9802, -1.7368 0.4736 3.992, -1.3837 1.0053 3.878, -1.4272 0.9467 3.878, -1.5197 0.7897 3.878, -0.7769 1.5247 3.878, -0.9084 1.4518 3.878, -0.9106 1.4552 3.9085, -1.0674 1.3595 3.937, -1.2189 1.2518 3.9615, -1.3639 1.1307 3.9802, -1.5001 0.9951 3.992, -1.0054 1.3837 3.878, -1.0576 1.347 3.878, -1.1948 1.227 3.878, -0.2676 1.6899 3.878, -0.4065 1.6637 3.878, -0.4075 1.6676 3.9085, -0.5864 1.6259 3.937, -0.7641 1.5713 3.9615, -0.9398 1.5019 3.9802, -1.1117 1.4159 3.992, -0.5287 1.6268 3.878, -0.581 1.611 3.878, -0.749 1.5402 3.878, 0.2676 1.6896 3.878, 0.1366 1.7071 3.878, 0.1369 1.7112 3.9085, -0.0461 1.7278 3.937, -0.2319 1.7317 3.9615, -0.4205 1.721 3.9802, -0.6107 1.6934 3.992, -0.0001 1.7108 3.878, -0.0456 1.712 3.878, -0.2274 1.6974 3.878, 0.7765 1.524 3.878, 0.6658 1.5778 3.878, 0.6674 1.5815 3.9085, 0.4989 1.6548 3.937, 0.3237 1.7169 3.9615, 0.1413 1.766 3.9802, -0.048 1.7995 3.992, 0.5286 1.6273 3.878, 0.4944 1.6397 3.878, 0.3173 1.6829 3.878, 1.2094 1.2094 3.878, 1.1277 1.2889 3.878, 1.1304 1.2919 3.9085, 0.9934 1.4144 3.937, 0.8466 1.5284 3.9615, 0.6888 1.6322 3.9802, 0.5196 1.7235 3.992, 1.0058 1.3845 3.878, 0.9843 1.4014 3.878, 0.8298 1.4981 3.878, 1.2583 1.1617 3.878, 1.3747 1.0213 3.878, 1.5595 0.7077 3.878, 1.5238 0.7764 3.878, 1.4754 0.8694 3.878, 1.3847 1.0062 3.878, 1.6738 0.362 3.878, 1.7068 0.1825 3.9085, 1.7028 0.182 3.878, 1.6891 0.2675 3.878, 1.7616 0.1883 3.9802, 1.7372 0.1857 3.9615, 1.7186 0.1837 3.937, 1.7028 0.182 0.9646, 1.7125 0.0 0.9646, 1.7028 -0.182 0.9646, 1.6891 -0.2675 0.9646, 1.6738 -0.362 0.9646, 1.6283 -0.5291 0.9646, 1.6259 -0.5379 0.9646, 1.5595 -0.7077 0.9646, 1.5238 -0.7764 0.9646, 1.4754 -0.8694 0.9646, 1.3847 -1.0062 0.9646, 1.3747 -1.0213 0.9646, 1.2583 -1.1617 0.9646, 1.2094 -1.2094 0.9646, 1.1277 -1.2889 0.9646, 1.0058 -1.3845 0.9646, 0.9843 -1.4014 0.9646, 0.8298 -1.4981 0.9646, 0.7765 -1.524 0.9646, 0.6658 -1.5778 0.9646, 0.5286 -1.6273 0.9646, 0.4944 -1.6397 0.9646, 0.3173 -1.6829 0.9646, 0.2676 -1.6896 0.9646, 0.1366 -1.7071 0.9646, -0.0001 -1.7108 0.9646, -0.0456 -1.712 0.9646, -0.2274 -1.6974 0.9646, -0.2676 -1.6899 0.9646, -0.4065 -1.6637 0.9646, -0.5287 -1.6268 0.9646, -0.581 -1.611 0.9646, -0.749 -1.5402 0.9646, -0.7769 -1.5247 0.9646, -0.9084 -1.4518 0.9646, -1.0054 -1.3837 0.9646, -1.0576 -1.347 0.9646, -1.1948 -1.227 0.9646, -1.2103 -1.2103 0.9646, -1.3185 -1.0931 0.9646, -1.3837 -1.0053 0.9646, -1.4272 -0.9467 0.9646, -1.5197 -0.7897 0.9646, -1.5254 -0.7772 0.9646, -1.5951 -0.6237 0.9646, -1.6265 -0.5285 0.9646, -1.6523 -0.4506 0.9646, -1.6908 -0.2724 0.9646, -1.6913 -0.2679 0.9646, -1.7102 -0.0911 0.9646, -1.7102 0.0 0.9646, -1.7102 0.0911 0.9646, -1.6913 0.2679 0.9646, -1.6908 0.2724 0.9646, -1.6523 0.4506 0.9646, -1.6265 0.5285 0.9646, -1.5951 0.6237 0.9646, -1.5254 0.7772 0.9646, -1.5197 0.7897 0.9646, -1.4272 0.9467 0.9646, -1.3837 1.0053 0.9646, -1.3185 1.0931 0.9646, -1.2103 1.2103 0.9646, -1.1948 1.227 0.9646, -1.0576 1.347 0.9646, -1.0054 1.3837 0.9646, -0.9084 1.4518 0.9646, -0.7769 1.5247 0.9646, -0.749 1.5402 0.9646, -0.581 1.611 0.9646, -0.5287 1.6268 0.9646, -0.4065 1.6637 0.9646, -0.2676 1.6899 0.9646, -0.2274 1.6974 0.9646, -0.0456 1.712 0.9646, -0.0001 1.7108 0.9646, 0.1366 1.7071 0.9646, 0.2676 1.6896 0.9646, 0.3173 1.6829 0.9646, 0.4944 1.6397 0.9646, 0.5286 1.6273 0.9646, 0.6658 1.5778 0.9646, 0.7765 1.524 0.9646, 0.8298 1.4981 0.9646, 0.9843 1.4014 0.9646, 1.0058 1.3845 0.9646, 1.1277 1.2889 0.9646, 1.2094 1.2094 0.9646, 1.2583 1.1617 0.9646, 1.3747 1.0213 0.9646, 1.3847 1.0062 0.9646, 1.4754 0.8694 0.9646, 1.5238 0.7764 0.9646, 1.5595 0.7077 0.9646, 1.6259 0.5379 0.9646, 1.6283 0.5291 0.9646, 1.6738 0.362 0.9646, 1.6891 0.2675 0.9646, 1.6778 -0.3629 0.934, 1.7068 -0.1825 0.934, 1.6297 -0.5392 0.934, 1.5632 -0.7093 0.934, 1.4789 -0.8715 0.934, 1.3779 -1.0237 0.934, 1.2613 -1.1644 0.934, 1.1304 -1.2919 0.934, 0.9866 -1.4047 0.934, 0.8317 -1.5016 0.934, 0.6674 -1.5815 0.934, 0.4955 -1.6435 0.934, 0.318 -1.6869 0.934, 0.1369 -1.7112 0.934, -0.0457 -1.716 0.934, -0.2279 -1.7014 0.934, -0.4075 -1.6676 0.934, -0.5824 -1.6148 0.934, -0.7507 -1.5438 0.934, -0.9106 -1.4552 0.934, -1.0601 -1.3502 0.934, -1.1976 -1.2299 0.934, -1.3216 -1.0956 0.934, -1.4305 -0.9489 0.934, -1.5233 -0.7915 0.934, -1.5988 -0.6251 0.934, -1.6562 -0.4516 0.934, -1.6948 -0.2731 0.934, -1.7142 -0.0914 0.934, -1.7142 0.0914 0.934, -1.6948 0.2731 0.934, -1.6562 0.4516 0.934, -1.5988 0.6251 0.934, -1.5233 0.7915 0.934, -1.4305 0.9489 0.934, -1.3216 1.0956 0.934, -1.1976 1.2299 0.934, -1.0601 1.3502 0.934, -0.9106 1.4552 0.934, -0.7507 1.5438 0.934, -0.5824 1.6148 0.934, -0.4075 1.6676 0.934, -0.2279 1.7014 0.934, -0.0457 1.716 0.934, 0.1369 1.7112 0.934, 0.318 1.6869 0.934, 0.4955 1.6435 0.934, 0.6674 1.5815 0.934, 0.8317 1.5016 0.934, 0.9866 1.4047 0.934, 1.1304 1.2919 0.934, 1.2613 1.1644 0.934, 1.3779 1.0237 0.934, 1.4789 0.8715 0.934, 1.5632 0.7093 0.934, 1.6297 0.5392 0.934, 1.6778 0.3629 0.934, 1.7068 0.1825 0.934, 1.7166 0.0 0.934, 1.7186 0.1837 0.9055, 1.6893 0.3654 0.9055, 1.6409 0.5429 0.9055, 1.5739 0.7142 0.9055, 1.4891 0.8775 0.9055, 1.3874 1.0308 0.9055, 1.2699 1.1724 0.9055, 1.1381 1.3008 0.9055, 0.9934 1.4144 0.9055, 0.8375 1.512 0.9055, 0.672 1.5924 0.9055, 0.4989 1.6548 0.9055, 0.3202 1.6985 0.9055, 0.1379 1.7229 0.9055, -0.0461 1.7278 0.9055, -0.2295 1.7131 0.9055, -0.4103 1.679 0.9055, -0.5864 1.6259 0.9055, -0.7559 1.5544 0.9055, -0.9168 1.4652 0.9055, -1.0674 1.3595 0.9055, -1.2059 1.2383 0.9055, -1.3306 1.1032 0.9055, -1.4404 0.9555 0.9055, -1.5338 0.797 0.9055, -1.6098 0.6294 0.9055, -1.6676 0.4548 0.9055, -1.7065 0.2749 0.9055, -1.726 0.092 0.9055, -1.726 -0.092 0.9055, -1.7065 -0.2749 0.9055, -1.6676 -0.4548 0.9055, -1.6098 -0.6294 0.9055, -1.5338 -0.797 0.9055, -1.4404 -0.9555 0.9055, -1.3306 -1.1032 0.9055, -1.2059 -1.2383 0.9055, -1.0674 -1.3595 0.9055, -0.9168 -1.4652 0.9055, -0.7559 -1.5544 0.9055, -0.5864 -1.6259 0.9055, -0.4103 -1.679 0.9055, -0.2295 -1.7131 0.9055, -0.0461 -1.7278 0.9055, 0.1379 -1.7229 0.9055, 0.3202 -1.6985 0.9055, 0.4989 -1.6548 0.9055, 0.672 -1.5924 0.9055, 0.8375 -1.512 0.9055, 0.9934 -1.4144 0.9055, 1.1381 -1.3008 0.9055, 1.2699 -1.1724 0.9055, 1.3874 -1.0308 0.9055, 1.4891 -0.8775 0.9055, 1.5739 -0.7142 0.9055, 1.6409 -0.5429 0.9055, 1.6893 -0.3654 0.9055, 1.7186 -0.1837 0.9055, 1.7284 0.0 0.9055, 1.7372 0.1857 0.8811, 1.7077 0.3693 0.8811, 1.6587 0.5488 0.8811, 1.591 0.722 0.8811, 1.5053 0.887 0.8811, 1.4024 1.042 0.8811, 1.2837 1.1851 0.8811, 1.1505 1.3149 0.8811, 1.0042 1.4297 0.8811, 0.8466 1.5284 0.8811, 0.6793 1.6097 0.8811, 0.5044 1.6728 0.8811, 0.3237 1.7169 0.8811, 0.1394 1.7416 0.8811, -0.0466 1.7466 0.8811, -0.2319 1.7317 0.8811, -0.4147 1.6973 0.8811, -0.5928 1.6436 0.8811, -0.7641 1.5713 0.8811, -0.9268 1.4812 0.8811, -1.079 1.3743 0.8811, -1.2189 1.2518 0.8811, -1.3451 1.1151 0.8811, -1.456 0.9658 0.8811, -1.5504 0.8056 0.8811, -1.6273 0.6363 0.8811, -1.6857 0.4597 0.8811, -1.725 0.2779 0.8811, -1.7448 0.093 0.8811, -1.7448 -0.093 0.8811, -1.725 -0.2779 0.8811, -1.6857 -0.4597 0.8811, -1.6273 -0.6363 0.8811, -1.5504 -0.8056 0.8811, -1.456 -0.9658 0.8811, -1.3451 -1.1151 0.8811, -1.2189 -1.2518 0.8811, -1.079 -1.3743 0.8811, -0.9268 -1.4812 0.8811, -0.7641 -1.5713 0.8811, -0.5928 -1.6436 0.8811, -0.4147 -1.6973 0.8811, -0.2319 -1.7317 0.8811, -0.0466 -1.7466 0.8811, 0.1394 -1.7416 0.8811, 0.3237 -1.7169 0.8811, 0.5044 -1.6728 0.8811, 0.6793 -1.6097 0.8811, 0.8466 -1.5284 0.8811, 1.0042 -1.4297 0.8811, 1.1505 -1.3149 0.8811, 1.2837 -1.1851 0.8811, 1.4024 -1.042 0.8811, 1.5053 -0.887 0.8811, 1.591 -0.722 0.8811, 1.6587 -0.5488 0.8811, 1.7077 -0.3693 0.8811, 1.7372 -0.1857 0.8811, 1.7471 0.0 0.8811, 1.7616 0.1883 0.8623, 1.7316 0.3745 0.8623, 1.682 0.5564 0.8623, 1.6133 0.7321 0.8623, 1.5263 0.8994 0.8623, 1.4221 1.0566 0.8623, 1.3017 1.2017 0.8623, 1.1666 1.3333 0.8623, 1.0183 1.4497 0.8623, 0.8584 1.5498 0.8623, 0.6888 1.6322 0.8623, 0.5114 1.6962 0.8623, 0.3282 1.741 0.8623, 0.1413 1.766 0.8623, -0.0472 1.771 0.8623, -0.2352 1.756 0.8623, -0.4205 1.721 0.8623, -0.6011 1.6666 0.8623, -0.7748 1.5933 0.8623, -0.9398 1.5019 0.8623, -1.0941 1.3935 0.8623, -1.236 1.2693 0.8623, -1.3639 1.1307 0.8623, -1.4764 0.9794 0.8623, -1.5721 0.8169 0.8623, -1.6501 0.6452 0.8623, -1.7093 0.4661 0.8623, -1.7491 0.2818 0.8623, -1.7692 0.0943 0.8623, -1.7692 -0.0943 0.8623, -1.7491 -0.2818 0.8623, -1.7093 -0.4661 0.8623, -1.6501 -0.6452 0.8623, -1.5721 -0.8169 0.8623, -1.4764 -0.9794 0.8623, -1.3639 -1.1307 0.8623, -1.236 -1.2693 0.8623, -1.0941 -1.3935 0.8623, -0.9398 -1.5019 0.8623, -0.7748 -1.5933 0.8623, -0.6011 -1.6666 0.8623, -0.4205 -1.721 0.8623, -0.2352 -1.756 0.8623, -0.0472 -1.771 0.8623, 0.1413 -1.766 0.8623, 0.3282 -1.741 0.8623, 0.5114 -1.6962 0.8623, 0.6888 -1.6322 0.8623, 0.8584 -1.5498 0.8623, 1.0183 -1.4497 0.8623, 1.1666 -1.3333 0.8623, 1.3017 -1.2017 0.8623, 1.4221 -1.0566 0.8623, 1.5263 -0.8994 0.8623, 1.6133 -0.7321 0.8623, 1.682 -0.5564 0.8623, 1.7316 -0.3745 0.8623, 1.7616 -0.1883 0.8623, 1.7716 0.0 0.8623, 1.7899 0.1913 0.8505, 1.7594 0.3805 0.8505, 1.709 0.5654 0.8505, 1.6392 0.7438 0.8505, 1.5509 0.9139 0.8505, 1.4449 1.0735 0.8505, 1.3226 1.2211 0.8505, 1.1854 1.3547 0.8505, 1.0346 1.4731 0.8505, 0.8722 1.5747 0.8505, 0.6999 1.6585 0.8505, 0.5196 1.7235 0.8505, 0.3335 1.769 0.8505, 0.1436 1.7944 0.8505, -0.048 1.7995 0.8505, -0.239 1.7842 0.8505, -0.4273 1.7487 0.8505, -0.6107 1.6934 0.8505, -0.7873 1.6189 0.8505, -0.9549 1.526 0.8505, -1.1117 1.4159 0.8505, -1.2559 1.2897 0.8505, -1.3859 1.1489 0.8505, -1.5001 0.9951 0.8505, -1.5974 0.83 0.8505, -1.6766 0.6555 0.8505, -1.7368 0.4736 0.8505, -1.7773 0.2863 0.8505, -1.7976 0.0958 0.8505, -1.7976 -0.0958 0.8505, -1.7773 -0.2863 0.8505, -1.7368 -0.4736 0.8505, -1.6766 -0.6555 0.8505, -1.5974 -0.83 0.8505, -1.5001 -0.9951 0.8505, -1.3859 -1.1489 0.8505, -1.2559 -1.2897 0.8505, -1.1117 -1.4159 0.8505, -0.9549 -1.526 0.8505, -0.7873 -1.6189 0.8505, -0.6107 -1.6934 0.8505, -0.4273 -1.7487 0.8505, -0.239 -1.7842 0.8505, -0.048 -1.7995 0.8505, 0.1436 -1.7944 0.8505, 0.3335 -1.769 0.8505, 0.5196 -1.7235 0.8505, 0.6999 -1.6585 0.8505, 0.8722 -1.5747 0.8505, 1.0346 -1.4731 0.8505, 1.1854 -1.3547 0.8505, 1.3226 -1.2211 0.8505, 1.4449 -1.0735 0.8505, 1.5509 -0.9139 0.8505, 1.6392 -0.7438 0.8505, 1.709 -0.5654 0.8505, 1.7594 -0.3805 0.8505, 1.7899 -0.1913 0.8505, 1.8001 0.0 0.8505, 1.8203 0.1946 0.8465, 1.7893 0.387 0.8465, 1.738 0.575 0.8465, 1.6671 0.7565 0.8465, 1.5772 0.9294 0.8465, 1.4695 1.0918 0.8465, 1.3451 1.2418 0.8465, 1.2055 1.3777 0.8465, 1.0522 1.4981 0.8465, 0.887 1.6014 0.8465, 0.7118 1.6867 0.8465, 0.5285 1.7528 0.8465, 0.3392 1.799 0.8465, 0.146 1.8249 0.8465, -0.0488 1.8301 0.8465, -0.243 1.8145 0.8465, -0.4345 1.7784 0.8465, -0.6211 1.7221 0.8465, -0.8006 1.6464 0.8465, -0.9711 1.552 0.8465, -1.1306 1.4399 0.8465, -1.2772 1.3116 0.8465, -1.4094 1.1684 0.8465, -1.5256 1.012 0.8465, -1.6245 0.8441 0.8465, -1.7051 0.6667 0.8465, -1.7663 0.4817 0.8465, -1.8075 0.2912 0.8465, -1.8282 0.0974 0.8465, -1.8282 -0.0974 0.8465, -1.8075 -0.2912 0.8465, -1.7663 -0.4817 0.8465, -1.7051 -0.6667 0.8465, -1.6245 -0.8441 0.8465, -1.5256 -1.012 0.8465, -1.4094 -1.1684 0.8465, -1.2772 -1.3116 0.8465, -1.1306 -1.4399 0.8465, -0.9711 -1.552 0.8465, -0.8006 -1.6464 0.8465, -0.6211 -1.7221 0.8465, -0.4345 -1.7784 0.8465, -0.243 -1.8145 0.8465, -0.0488 -1.8301 0.8465, 0.146 -1.8249 0.8465, 0.3392 -1.799 0.8465, 0.5285 -1.7528 0.8465, 0.7118 -1.6867 0.8465, 0.887 -1.6014 0.8465, 1.0522 -1.4981 0.8465, 1.2055 -1.3777 0.8465, 1.3451 -1.2418 0.8465, 1.4695 -1.0918 0.8465, 1.5772 -0.9294 0.8465, 1.6671 -0.7565 0.8465, 1.738 -0.575 0.8465, 1.7893 -0.387 0.8465, 1.8203 -0.1946 0.8465, 1.8307 -0.0 0.8465, 1.8491 -0.2787 0.8465, 1.7869 -0.5512 0.8465, 1.6848 -0.8114 0.8465, 1.5451 -1.0535 0.8465, 1.3708 -1.272 0.8465, 1.1659 -1.4621 0.8465, 0.935 -1.6195 0.8465, 0.6832 -1.7408 0.8465, -0.1398 -1.8648 0.8465, -0.4162 -1.8232 0.8465, -0.6833 -1.7408 0.8465, -0.9351 -1.6195 0.8465, -1.166 -1.4621 0.8465, -1.3709 -1.272 0.8465, 1.7869 0.5512 0.8465, 1.8491 0.2787 0.8465, 1.87 0.0 0.8465, 0.4161 -1.8232 0.8465, 0.1397 -1.8648 0.8465, -0.9351 1.6195 0.8465, -0.6833 1.7408 0.8465, -0.4162 1.8232 0.8465, 1.5451 1.0535 0.8465, 1.6848 0.8114 0.8465, -1.5452 -1.0535 0.8465, -1.6849 -0.8114 0.8465, 0.4161 1.8232 0.8465, 0.6832 1.7408 0.8465, 0.935 1.6195 0.8465, -1.787 -0.5512 0.8465, -1.8492 -0.2787 0.8465, -1.5452 1.0535 0.8465, -1.3709 1.272 0.8465, -1.166 1.4621 0.8465, -0.1398 1.8648 0.8465, 0.1397 1.8648 0.8465, 1.1659 1.4621 0.8465, 1.3708 1.272 0.8465, -1.8701 0.0 0.8465, -1.8492 0.2787 0.8465, -1.787 0.5512 0.8465, -1.6849 0.8114 0.8465, 1.8594 -0.1988 0.1969, 1.8278 -0.3953 0.1969, 1.8466 -0.2783 0.1969, 1.6832 -0.8106 0.1969, 1.7029 -0.7727 0.1969, 1.7754 -0.5873 0.1969, 1.7854 -0.5508 0.1969, 1.6111 -0.9494 0.1969, 1.543 -1.0521 0.1969, 1.5011 -1.1153 0.1969, 1.374 -1.2685 0.1969, 1.2314 -1.4074 0.1969, 1.3706 -1.2718 0.1969, 1.0748 -1.5303 0.1969, 1.1643 -1.46 0.1969, 0.6825 -1.739 0.1969, 0.7271 -1.7229 0.1969, 0.9061 -1.6359 0.1969, 0.9342 -1.6183 0.1969, 0.5398 -1.7905 0.1969, 0.4155 -1.8208 0.1969, 0.3465 -1.8377 0.1969, 0.1492 -1.8641 0.1969, -0.0498 -1.8694 0.1969, 0.1397 -1.8644 0.1969, -0.2483 -1.8535 0.1969, -0.1396 -1.8622 0.1969, -0.6825 -1.7389 0.1969, -0.6345 -1.7592 0.1969, -0.4439 -1.8167 0.1969, -0.4159 -1.8219 0.1969, -0.8178 -1.6818 0.1969, -0.9339 -1.6175 0.1969, -0.992 -1.5853 0.1969, -1.1549 -1.4709 0.1969, -1.3047 -1.3398 0.1969, -1.1656 -1.4616 0.1969, -1.4397 -1.1936 0.1969, -1.369 -1.2702 0.1969, -1.683 -0.8105 0.1969, -1.6595 -0.8623 0.1969, -1.5584 -1.0338 0.1969, -1.5443 -1.0528 0.1969, -1.7417 -0.681 0.1969, -1.7849 -0.5505 0.1969, -1.8042 -0.492 0.1969, -1.8463 -0.2975 0.1969, -1.8675 -0.0995 0.1969, -1.8483 -0.2786 0.1969, -1.8675 0.0995 0.1969, -1.8675 0.0 0.1969, -1.7849 0.5505 0.1969, -1.8042 0.492 0.1969, -1.8463 0.2975 0.1969, -1.8483 0.2786 0.1969, -1.7417 0.681 0.1969, -1.683 0.8105 0.1969, -1.6595 0.8623 0.1969, -1.5584 1.0338 0.1969, -1.4397 1.1936 0.1969, -1.5443 1.0528 0.1969, -1.3047 1.3398 0.1969, -1.369 1.2702 0.1969, -0.9339 1.6175 0.1969, -0.992 1.5853 0.1969, -1.1549 1.4709 0.1969, -1.1656 1.4616 0.1969, -0.8178 1.6818 0.1969, -0.6825 1.7389 0.1969, -0.6345 1.7592 0.1969, -0.4439 1.8167 0.1969, -0.2483 1.8535 0.1969, -0.4159 1.8219 0.1969, -0.0498 1.8694 0.1969, -0.1396 1.8622 0.1969, 0.4155 1.8208 0.1969, 0.3465 1.8377 0.1969, 0.1492 1.8641 0.1969, 0.1397 1.8644 0.1969, 0.5398 1.7905 0.1969, 0.6825 1.739 0.1969, 0.7271 1.7229 0.1969, 0.9061 1.6359 0.1969, 1.0748 1.5303 0.1969, 0.9342 1.6183 0.1969, 1.2314 1.4074 0.1969, 1.1643 1.46 0.1969, 1.543 1.0521 0.1969, 1.5011 1.1153 0.1969, 1.374 1.2685 0.1969, 1.3706 1.2718 0.1969, 1.6111 0.9494 0.1969, 1.6832 0.8106 0.1969, 1.7029 0.7727 0.1969, 1.7754 0.5873 0.1969, 1.8278 0.3953 0.1969, 1.7854 0.5508 0.1969, 1.87 0.0 0.1969, 1.8594 0.1988 0.1969, 1.8466 0.2783 0.1969
            ]
        }
        coordIndex [
            0,1,2,-1,3,4,5,-1,6,7,8,-1,8,7,9,-1,8,9,1,-1,1,9,10,-1,1,10,2,-1,11,12,13,-1,13,12,14,-1,13,14,6,-1,6,14,15,-1,6,15,7,-1,16,17,18,-1,18,17,19,-1,18,19,20,-1,21,22,23,-1,23,22,24,-1,23,24,16,-1,16,24,25,-1,16,25,17,-1,26,27,28,-1,28,27,29,-1,28,29,21,-1,21,29,30,-1,21,30,22,-1,31,32,33,-1,33,32,34,-1,33,34,26,-1,26,34,35,-1,26,35,27,-1,36,37,38,-1,38,37,39,-1,38,39,11,-1,11,39,40,-1,11,40,12,-1,41,42,43,-1,43,42,44,-1,43,44,36,-1,36,44,45,-1,36,45,37,-1,46,47,48,-1,48,47,49,-1,48,49,31,-1,31,49,50,-1,31,50,32,-1,51,52,53,-1,53,52,54,-1,53,54,55,-1,2,56,0,-1,0,56,57,-1,0,57,58,-1,58,57,59,-1,58,59,60,-1,61,62,63,-1,63,62,64,-1,63,64,51,-1,51,64,65,-1,51,65,52,-1,59,66,60,-1,60,66,67,-1,60,67,68,-1,68,67,69,-1,68,69,70,-1,70,69,71,-1,70,71,4,-1,4,71,72,-1,4,72,5,-1,19,73,20,-1,20,73,74,-1,20,74,41,-1,41,74,75,-1,41,75,42,-1,76,77,46,-1,46,77,78,-1,46,78,47,-1,54,79,55,-1,55,79,80,-1,55,80,81,-1,81,80,82,-1,81,82,76,-1,76,82,83,-1,76,83,77,-1,84,85,86,-1,86,85,87,-1,86,87,61,-1,61,87,88,-1,61,88,62,-1,5,89,3,-1,3,89,90,-1,3,90,91,-1,91,90,92,-1,91,92,93,-1,92,94,93,-1,93,94,95,-1,93,95,84,-1,84,95,96,-1,84,96,85,-1,97,98,99,-1,100,101,102,-1,103,104,105,-1,106,107,108,-1,109,110,111,-1,112,113,114,-1,115,116,117,-1,118,119,120,-1,121,122,123,-1,124,125,126,-1,127,128,129,-1,130,131,132,-1,133,134,135,-1,136,137,138,-1,139,140,141,-1,142,143,144,-1,145,146,147,-1,148,149,150,-1,151,152,153,-1,154,155,156,-1,157,158,159,-1,160,161,162,-1,163,164,165,-1,166,167,168,-1,169,170,171,-1,172,173,174,-1,175,176,177,-1,2,10,178,-1,178,10,179,-1,178,179,180,-1,180,179,181,-1,180,181,182,-1,182,181,183,-1,182,183,184,-1,184,183,185,-1,184,185,186,-1,186,185,177,-1,7,15,187,-1,187,15,188,-1,187,188,189,-1,189,188,190,-1,189,190,191,-1,191,190,192,-1,191,192,193,-1,193,192,194,-1,193,194,195,-1,195,194,174,-1,40,39,196,-1,196,39,197,-1,196,197,198,-1,198,197,199,-1,198,199,200,-1,200,199,201,-1,200,201,202,-1,202,201,203,-1,202,203,204,-1,204,203,168,-1,45,44,205,-1,205,44,206,-1,205,206,207,-1,207,206,208,-1,207,208,209,-1,209,208,210,-1,209,210,211,-1,211,210,212,-1,211,212,213,-1,213,212,165,-1,74,73,214,-1,214,73,215,-1,214,215,216,-1,216,215,217,-1,216,217,218,-1,218,217,219,-1,218,219,220,-1,220,219,221,-1,220,221,222,-1,222,221,159,-1,17,25,223,-1,223,25,224,-1,223,224,225,-1,225,224,226,-1,225,226,227,-1,227,226,228,-1,227,228,229,-1,229,228,230,-1,229,230,231,-1,231,230,156,-1,30,29,232,-1,232,29,233,-1,232,233,234,-1,234,233,235,-1,234,235,236,-1,236,235,237,-1,236,237,238,-1,238,237,239,-1,238,239,240,-1,240,239,150,-1,35,34,241,-1,241,34,242,-1,241,242,243,-1,243,242,244,-1,243,244,245,-1,245,244,246,-1,245,246,247,-1,247,246,248,-1,247,248,249,-1,249,248,147,-1,77,83,250,-1,250,83,251,-1,250,251,252,-1,252,251,253,-1,252,253,254,-1,254,253,255,-1,254,255,256,-1,256,255,257,-1,256,257,258,-1,258,257,135,-1,65,64,259,-1,259,64,260,-1,259,260,261,-1,261,260,262,-1,261,262,263,-1,263,262,264,-1,263,264,265,-1,265,264,266,-1,265,266,267,-1,267,266,123,-1,95,94,268,-1,268,94,269,-1,268,269,270,-1,270,269,271,-1,270,271,272,-1,272,271,273,-1,272,273,274,-1,274,273,275,-1,274,275,276,-1,276,275,111,-1,90,89,277,-1,277,89,278,-1,277,278,279,-1,279,278,280,-1,279,280,281,-1,281,280,282,-1,281,282,283,-1,283,282,284,-1,283,284,285,-1,285,284,108,-1,71,69,286,-1,286,69,287,-1,286,287,288,-1,288,287,289,-1,288,289,290,-1,290,289,291,-1,290,291,292,-1,292,291,293,-1,292,293,294,-1,294,293,102,-1,66,59,295,-1,295,59,296,-1,295,296,297,-1,297,296,298,-1,297,298,299,-1,299,298,300,-1,299,300,301,-1,301,300,302,-1,301,302,303,-1,303,302,99,-1,56,2,304,-1,304,2,178,-1,304,178,305,-1,305,178,180,-1,305,180,306,-1,306,180,182,-1,306,182,307,-1,307,182,184,-1,307,184,308,-1,308,184,186,-1,308,186,309,-1,309,186,310,-1,177,176,186,-1,186,176,311,-1,186,311,310,-1,312,175,313,-1,313,175,177,-1,313,177,314,-1,314,177,185,-1,314,185,315,-1,315,185,183,-1,315,183,316,-1,316,183,181,-1,316,181,317,-1,317,181,179,-1,317,179,9,-1,9,179,10,-1,9,7,317,-1,317,7,187,-1,317,187,316,-1,316,187,189,-1,316,189,315,-1,315,189,191,-1,315,191,314,-1,314,191,193,-1,314,193,313,-1,313,193,195,-1,313,195,312,-1,312,195,318,-1,174,173,195,-1,195,173,319,-1,195,319,318,-1,320,172,321,-1,321,172,174,-1,321,174,322,-1,322,174,194,-1,322,194,323,-1,323,194,192,-1,323,192,324,-1,324,192,190,-1,324,190,325,-1,325,190,188,-1,325,188,14,-1,14,188,15,-1,14,12,325,-1,325,12,326,-1,325,326,324,-1,324,326,327,-1,324,327,323,-1,323,327,328,-1,323,328,322,-1,322,328,329,-1,322,329,321,-1,321,329,171,-1,321,171,320,-1,320,171,170,-1,330,169,204,-1,204,169,171,-1,204,171,202,-1,202,171,329,-1,202,329,200,-1,200,329,328,-1,200,328,198,-1,198,328,327,-1,198,327,196,-1,196,327,326,-1,196,326,40,-1,40,326,12,-1,168,167,204,-1,204,167,331,-1,204,331,330,-1,332,166,333,-1,333,166,168,-1,333,168,334,-1,334,168,203,-1,334,203,335,-1,335,203,201,-1,335,201,336,-1,336,201,199,-1,336,199,337,-1,337,199,197,-1,337,197,37,-1,37,197,39,-1,37,45,337,-1,337,45,205,-1,337,205,336,-1,336,205,207,-1,336,207,335,-1,335,207,209,-1,335,209,334,-1,334,209,211,-1,334,211,333,-1,333,211,213,-1,333,213,332,-1,332,213,338,-1,165,164,213,-1,213,164,339,-1,213,339,338,-1,340,163,341,-1,341,163,165,-1,341,165,342,-1,342,165,212,-1,342,212,343,-1,343,212,210,-1,343,210,344,-1,344,210,208,-1,344,208,345,-1,345,208,206,-1,345,206,42,-1,42,206,44,-1,42,75,345,-1,345,75,346,-1,345,346,344,-1,344,346,347,-1,344,347,343,-1,343,347,348,-1,343,348,342,-1,342,348,349,-1,342,349,341,-1,341,349,162,-1,341,162,340,-1,340,162,161,-1,350,160,222,-1,222,160,162,-1,222,162,220,-1,220,162,349,-1,220,349,218,-1,218,349,348,-1,218,348,216,-1,216,348,347,-1,216,347,214,-1,214,347,346,-1,214,346,74,-1,74,346,75,-1,159,158,222,-1,222,158,351,-1,222,351,350,-1,352,157,353,-1,353,157,159,-1,353,159,354,-1,354,159,221,-1,354,221,355,-1,355,221,219,-1,355,219,356,-1,356,219,217,-1,356,217,357,-1,357,217,215,-1,357,215,19,-1,19,215,73,-1,19,17,357,-1,357,17,223,-1,357,223,356,-1,356,223,225,-1,356,225,355,-1,355,225,227,-1,355,227,354,-1,354,227,229,-1,354,229,353,-1,353,229,231,-1,353,231,352,-1,352,231,358,-1,156,155,231,-1,231,155,359,-1,231,359,358,-1,360,154,361,-1,361,154,156,-1,361,156,362,-1,362,156,230,-1,362,230,363,-1,363,230,228,-1,363,228,364,-1,364,228,226,-1,364,226,365,-1,365,226,224,-1,365,224,24,-1,24,224,25,-1,24,22,365,-1,365,22,366,-1,365,366,364,-1,364,366,367,-1,364,367,363,-1,363,367,368,-1,363,368,362,-1,362,368,369,-1,362,369,361,-1,361,369,153,-1,361,153,360,-1,360,153,152,-1,370,151,240,-1,240,151,153,-1,240,153,238,-1,238,153,369,-1,238,369,236,-1,236,369,368,-1,236,368,234,-1,234,368,367,-1,234,367,232,-1,232,367,366,-1,232,366,30,-1,30,366,22,-1,150,149,240,-1,240,149,371,-1,240,371,370,-1,372,148,373,-1,373,148,150,-1,373,150,374,-1,374,150,239,-1,374,239,375,-1,375,239,237,-1,375,237,376,-1,376,237,235,-1,376,235,377,-1,377,235,233,-1,377,233,27,-1,27,233,29,-1,27,35,377,-1,377,35,241,-1,377,241,376,-1,376,241,243,-1,376,243,375,-1,375,243,245,-1,375,245,374,-1,374,245,247,-1,374,247,373,-1,373,247,249,-1,373,249,372,-1,372,249,378,-1,147,146,249,-1,249,146,379,-1,249,379,378,-1,380,145,381,-1,381,145,147,-1,381,147,382,-1,382,147,248,-1,382,248,383,-1,383,248,246,-1,383,246,384,-1,384,246,244,-1,384,244,385,-1,385,244,242,-1,385,242,32,-1,32,242,34,-1,32,50,385,-1,385,50,386,-1,385,386,384,-1,384,386,387,-1,384,387,383,-1,383,387,388,-1,383,388,382,-1,382,388,389,-1,382,389,381,-1,381,389,144,-1,381,144,380,-1,380,144,143,-1,140,142,141,-1,141,142,144,-1,141,144,390,-1,390,144,389,-1,390,389,391,-1,391,389,388,-1,391,388,392,-1,392,388,387,-1,392,387,393,-1,393,387,386,-1,393,386,49,-1,49,386,50,-1,137,139,138,-1,138,139,141,-1,138,141,394,-1,394,141,390,-1,394,390,395,-1,395,390,391,-1,395,391,396,-1,396,391,392,-1,396,392,397,-1,397,392,393,-1,397,393,47,-1,47,393,49,-1,398,136,399,-1,399,136,138,-1,399,138,400,-1,400,138,394,-1,400,394,401,-1,401,394,395,-1,401,395,402,-1,402,395,396,-1,402,396,403,-1,403,396,397,-1,403,397,78,-1,78,397,47,-1,78,77,403,-1,403,77,250,-1,403,250,402,-1,402,250,252,-1,402,252,401,-1,401,252,254,-1,401,254,400,-1,400,254,256,-1,400,256,399,-1,399,256,258,-1,399,258,398,-1,398,258,404,-1,135,134,258,-1,258,134,405,-1,258,405,404,-1,406,133,407,-1,407,133,135,-1,407,135,408,-1,408,135,257,-1,408,257,409,-1,409,257,255,-1,409,255,410,-1,410,255,253,-1,410,253,411,-1,411,253,251,-1,411,251,82,-1,82,251,83,-1,82,80,411,-1,411,80,412,-1,411,412,410,-1,410,412,413,-1,410,413,409,-1,409,413,414,-1,409,414,408,-1,408,414,415,-1,408,415,407,-1,407,415,132,-1,407,132,406,-1,406,132,131,-1,128,130,129,-1,129,130,132,-1,129,132,416,-1,416,132,415,-1,416,415,417,-1,417,415,414,-1,417,414,418,-1,418,414,413,-1,418,413,419,-1,419,413,412,-1,419,412,79,-1,79,412,80,-1,125,127,126,-1,126,127,129,-1,126,129,420,-1,420,129,416,-1,420,416,421,-1,421,416,417,-1,421,417,422,-1,422,417,418,-1,422,418,423,-1,423,418,419,-1,423,419,54,-1,54,419,79,-1,424,124,425,-1,425,124,126,-1,425,126,426,-1,426,126,420,-1,426,420,427,-1,427,420,421,-1,427,421,428,-1,428,421,422,-1,428,422,429,-1,429,422,423,-1,429,423,52,-1,52,423,54,-1,52,65,429,-1,429,65,259,-1,429,259,428,-1,428,259,261,-1,428,261,427,-1,427,261,263,-1,427,263,426,-1,426,263,265,-1,426,265,425,-1,425,265,267,-1,425,267,424,-1,424,267,430,-1,123,122,267,-1,267,122,431,-1,267,431,430,-1,432,121,433,-1,433,121,123,-1,433,123,434,-1,434,123,266,-1,434,266,435,-1,435,266,264,-1,435,264,436,-1,436,264,262,-1,436,262,437,-1,437,262,260,-1,437,260,62,-1,62,260,64,-1,62,88,437,-1,437,88,438,-1,437,438,436,-1,436,438,439,-1,436,439,435,-1,435,439,440,-1,435,440,434,-1,434,440,441,-1,434,441,433,-1,433,441,120,-1,433,120,432,-1,432,120,119,-1,116,118,117,-1,117,118,120,-1,117,120,442,-1,442,120,441,-1,442,441,443,-1,443,441,440,-1,443,440,444,-1,444,440,439,-1,444,439,445,-1,445,439,438,-1,445,438,87,-1,87,438,88,-1,113,115,114,-1,114,115,117,-1,114,117,446,-1,446,117,442,-1,446,442,447,-1,447,442,443,-1,447,443,448,-1,448,443,444,-1,448,444,449,-1,449,444,445,-1,449,445,85,-1,85,445,87,-1,450,112,451,-1,451,112,114,-1,451,114,452,-1,452,114,446,-1,452,446,453,-1,453,446,447,-1,453,447,454,-1,454,447,448,-1,454,448,455,-1,455,448,449,-1,455,449,96,-1,96,449,85,-1,96,95,455,-1,455,95,268,-1,455,268,454,-1,454,268,270,-1,454,270,453,-1,453,270,272,-1,453,272,452,-1,452,272,274,-1,452,274,451,-1,451,274,276,-1,451,276,450,-1,450,276,456,-1,111,110,276,-1,276,110,457,-1,276,457,456,-1,458,109,459,-1,459,109,111,-1,459,111,460,-1,460,111,275,-1,460,275,461,-1,461,275,273,-1,461,273,462,-1,462,273,271,-1,462,271,463,-1,463,271,269,-1,463,269,92,-1,92,269,94,-1,92,90,463,-1,463,90,277,-1,463,277,462,-1,462,277,279,-1,462,279,461,-1,461,279,281,-1,461,281,460,-1,460,281,283,-1,460,283,459,-1,459,283,285,-1,459,285,458,-1,458,285,464,-1,108,107,285,-1,285,107,465,-1,285,465,464,-1,104,106,105,-1,105,106,108,-1,105,108,466,-1,466,108,284,-1,466,284,467,-1,467,284,282,-1,467,282,468,-1,468,282,280,-1,468,280,469,-1,469,280,278,-1,469,278,5,-1,5,278,89,-1,470,103,471,-1,471,103,105,-1,471,105,472,-1,472,105,466,-1,472,466,473,-1,473,466,467,-1,473,467,474,-1,474,467,468,-1,474,468,475,-1,475,468,469,-1,475,469,72,-1,72,469,5,-1,72,71,475,-1,475,71,286,-1,475,286,474,-1,474,286,288,-1,474,288,473,-1,473,288,290,-1,473,290,472,-1,472,290,292,-1,472,292,471,-1,471,292,294,-1,471,294,470,-1,470,294,476,-1,102,101,294,-1,294,101,477,-1,294,477,476,-1,478,100,479,-1,479,100,102,-1,479,102,480,-1,480,102,293,-1,480,293,481,-1,481,293,291,-1,481,291,482,-1,482,291,289,-1,482,289,483,-1,483,289,287,-1,483,287,67,-1,67,287,69,-1,67,66,483,-1,483,66,295,-1,483,295,482,-1,482,295,297,-1,482,297,481,-1,481,297,299,-1,481,299,480,-1,480,299,301,-1,480,301,479,-1,479,301,303,-1,479,303,478,-1,478,303,484,-1,99,98,303,-1,303,98,485,-1,303,485,484,-1,486,97,487,-1,487,97,99,-1,487,99,488,-1,488,99,302,-1,488,302,489,-1,489,302,300,-1,489,300,490,-1,490,300,298,-1,490,298,491,-1,491,298,296,-1,491,296,57,-1,57,296,59,-1,57,56,491,-1,491,56,304,-1,491,304,490,-1,490,304,305,-1,490,305,489,-1,489,305,306,-1,489,306,488,-1,488,306,307,-1,488,307,487,-1,487,307,308,-1,487,308,486,-1,486,308,309,-1,310,492,493,-1,175,494,176,-1,176,494,492,-1,176,492,311,-1,311,492,310,-1,175,312,494,-1,494,312,318,-1,494,318,495,-1,172,496,173,-1,173,496,495,-1,173,495,319,-1,319,495,318,-1,172,320,496,-1,496,320,170,-1,496,170,497,-1,170,169,497,-1,497,169,330,-1,497,330,498,-1,166,499,167,-1,167,499,498,-1,167,498,331,-1,331,498,330,-1,166,332,499,-1,499,332,338,-1,499,338,500,-1,163,501,164,-1,164,501,500,-1,164,500,339,-1,339,500,338,-1,163,340,501,-1,501,340,161,-1,501,161,502,-1,161,160,502,-1,502,160,350,-1,502,350,503,-1,157,504,158,-1,158,504,503,-1,158,503,351,-1,351,503,350,-1,157,352,504,-1,504,352,358,-1,504,358,505,-1,154,506,155,-1,155,506,505,-1,155,505,359,-1,359,505,358,-1,154,360,506,-1,506,360,152,-1,506,152,507,-1,152,151,507,-1,507,151,370,-1,507,370,508,-1,148,509,149,-1,149,509,508,-1,149,508,371,-1,371,508,370,-1,148,372,509,-1,509,372,378,-1,509,378,510,-1,145,511,146,-1,146,511,510,-1,146,510,379,-1,379,510,378,-1,145,380,511,-1,511,380,143,-1,511,143,512,-1,143,142,512,-1,512,142,140,-1,512,140,513,-1,136,514,137,-1,137,514,513,-1,137,513,139,-1,139,513,140,-1,136,398,514,-1,514,398,404,-1,514,404,515,-1,133,516,134,-1,134,516,515,-1,134,515,405,-1,405,515,404,-1,133,406,516,-1,516,406,131,-1,516,131,517,-1,131,130,517,-1,517,130,128,-1,517,128,518,-1,124,519,125,-1,125,519,518,-1,125,518,127,-1,127,518,128,-1,124,424,519,-1,519,424,430,-1,519,430,520,-1,121,521,122,-1,122,521,520,-1,122,520,431,-1,431,520,430,-1,121,432,521,-1,521,432,119,-1,521,119,522,-1,119,118,522,-1,522,118,116,-1,522,116,523,-1,112,524,113,-1,113,524,523,-1,113,523,115,-1,115,523,116,-1,112,450,524,-1,524,450,456,-1,524,456,525,-1,109,526,110,-1,110,526,525,-1,110,525,457,-1,457,525,456,-1,109,458,526,-1,526,458,464,-1,526,464,527,-1,464,465,527,-1,527,465,107,-1,527,107,528,-1,103,529,104,-1,104,529,528,-1,104,528,106,-1,106,528,107,-1,103,470,529,-1,529,470,476,-1,529,476,530,-1,100,531,101,-1,101,531,530,-1,101,530,477,-1,477,530,476,-1,100,478,531,-1,531,478,484,-1,531,484,532,-1,484,485,532,-1,532,485,98,-1,532,98,533,-1,98,97,533,-1,533,97,486,-1,533,486,493,-1,493,486,309,-1,493,309,310,-1,509,534,508,-1,508,534,535,-1,508,535,507,-1,507,535,536,-1,507,536,506,-1,536,537,506,-1,506,537,538,-1,506,538,505,-1,505,538,539,-1,505,539,504,-1,514,540,513,-1,513,540,541,-1,513,541,512,-1,512,541,542,-1,512,542,511,-1,539,543,504,-1,504,543,544,-1,504,544,503,-1,503,544,545,-1,503,545,502,-1,502,545,546,-1,502,546,501,-1,533,547,532,-1,532,547,548,-1,532,548,531,-1,542,549,511,-1,511,549,550,-1,511,550,510,-1,510,550,551,-1,510,551,509,-1,509,551,552,-1,509,552,534,-1,546,553,501,-1,501,553,554,-1,501,554,500,-1,500,554,555,-1,500,555,499,-1,555,556,499,-1,499,556,557,-1,499,557,498,-1,498,557,558,-1,498,558,497,-1,497,558,559,-1,497,559,496,-1,559,560,496,-1,496,560,561,-1,496,561,495,-1,495,561,562,-1,495,562,494,-1,523,563,522,-1,522,563,564,-1,522,564,521,-1,564,565,521,-1,521,565,566,-1,521,566,520,-1,520,566,567,-1,520,567,519,-1,519,567,568,-1,519,568,518,-1,568,569,518,-1,518,569,570,-1,518,570,517,-1,517,570,571,-1,517,571,516,-1,562,572,494,-1,494,572,573,-1,494,573,492,-1,492,573,574,-1,492,574,493,-1,493,574,575,-1,493,575,533,-1,533,575,576,-1,533,576,547,-1,528,577,527,-1,527,577,578,-1,527,578,526,-1,571,579,516,-1,516,579,580,-1,516,580,515,-1,515,580,581,-1,515,581,514,-1,514,581,582,-1,514,582,540,-1,548,583,531,-1,531,583,584,-1,531,584,530,-1,530,584,585,-1,530,585,529,-1,529,585,586,-1,529,586,528,-1,528,586,587,-1,528,587,577,-1,578,588,526,-1,526,588,589,-1,526,589,525,-1,525,589,590,-1,525,590,524,-1,524,590,591,-1,524,591,523,-1,523,591,592,-1,523,592,563,-1,593,594,595,-1,596,597,598,-1,599,600,601,-1,602,603,604,-1,547,576,605,-1,538,537,606,-1,606,537,607,-1,606,607,608,-1,577,587,609,-1,609,587,610,-1,609,610,611,-1,584,603,585,-1,585,603,602,-1,585,602,586,-1,539,538,612,-1,612,538,606,-1,612,606,613,-1,613,606,608,-1,613,608,614,-1,578,577,615,-1,615,577,609,-1,615,609,616,-1,616,609,611,-1,616,611,617,-1,618,604,619,-1,619,604,603,-1,619,603,620,-1,620,603,584,-1,620,584,583,-1,621,622,623,-1,543,539,624,-1,624,539,612,-1,624,612,625,-1,625,612,613,-1,625,613,626,-1,626,613,614,-1,626,614,627,-1,588,578,628,-1,628,578,615,-1,628,615,629,-1,629,615,616,-1,629,616,630,-1,630,616,617,-1,630,617,631,-1,632,618,633,-1,633,618,619,-1,633,619,634,-1,634,619,620,-1,634,620,635,-1,635,620,583,-1,635,583,548,-1,544,543,636,-1,636,543,624,-1,636,624,637,-1,637,624,625,-1,637,625,638,-1,638,625,626,-1,638,626,639,-1,639,626,627,-1,639,627,640,-1,641,642,643,-1,589,588,644,-1,644,588,628,-1,644,628,645,-1,645,628,629,-1,645,629,646,-1,646,629,630,-1,646,630,647,-1,647,630,631,-1,647,631,648,-1,649,650,651,-1,652,632,653,-1,653,632,633,-1,653,633,654,-1,654,633,634,-1,654,634,655,-1,655,634,635,-1,655,635,656,-1,656,635,548,-1,656,548,547,-1,601,657,658,-1,659,660,661,-1,661,660,662,-1,661,662,663,-1,663,662,621,-1,663,621,664,-1,664,621,623,-1,664,623,665,-1,574,573,666,-1,666,573,667,-1,666,667,668,-1,668,667,669,-1,668,669,670,-1,670,669,671,-1,670,671,672,-1,672,671,673,-1,672,673,674,-1,674,673,675,-1,562,561,676,-1,676,561,677,-1,676,677,678,-1,678,677,679,-1,678,679,680,-1,680,679,681,-1,680,681,682,-1,682,681,683,-1,682,683,684,-1,684,683,685,-1,559,558,686,-1,686,558,687,-1,686,687,688,-1,688,687,689,-1,688,689,690,-1,690,689,691,-1,690,691,692,-1,692,691,693,-1,692,693,694,-1,694,693,695,-1,556,555,696,-1,696,555,697,-1,696,697,698,-1,698,697,699,-1,698,699,700,-1,700,699,701,-1,700,701,702,-1,702,701,703,-1,702,703,704,-1,704,703,705,-1,553,546,706,-1,706,546,707,-1,706,707,708,-1,708,707,709,-1,708,709,710,-1,710,709,711,-1,710,711,712,-1,712,711,713,-1,712,713,714,-1,714,713,715,-1,716,642,717,-1,717,642,641,-1,717,641,718,-1,719,720,721,-1,721,720,718,-1,721,718,722,-1,722,718,641,-1,722,641,723,-1,723,641,643,-1,723,643,724,-1,536,535,725,-1,725,535,726,-1,725,726,727,-1,727,726,728,-1,727,728,729,-1,729,728,730,-1,729,730,731,-1,731,730,732,-1,731,732,733,-1,733,732,734,-1,535,534,726,-1,726,534,735,-1,726,735,728,-1,728,735,736,-1,728,736,730,-1,730,736,737,-1,730,737,732,-1,732,737,738,-1,732,738,734,-1,734,738,739,-1,734,739,740,-1,740,739,741,-1,550,549,742,-1,742,549,743,-1,742,743,744,-1,744,743,745,-1,744,745,746,-1,746,745,747,-1,746,747,748,-1,748,747,749,-1,748,749,750,-1,750,749,751,-1,541,540,752,-1,752,540,753,-1,752,753,754,-1,754,753,755,-1,754,755,756,-1,756,755,757,-1,756,757,758,-1,758,757,759,-1,758,759,760,-1,760,759,761,-1,581,580,762,-1,762,580,763,-1,762,763,764,-1,764,763,765,-1,764,765,766,-1,766,765,767,-1,766,767,768,-1,768,767,769,-1,768,769,770,-1,770,769,771,-1,571,570,772,-1,772,570,773,-1,772,773,774,-1,774,773,775,-1,774,775,776,-1,776,775,777,-1,776,777,778,-1,778,777,779,-1,778,779,780,-1,780,779,781,-1,568,567,782,-1,782,567,783,-1,782,783,784,-1,784,783,785,-1,784,785,786,-1,786,785,787,-1,786,787,788,-1,788,787,789,-1,788,789,790,-1,790,789,791,-1,565,564,792,-1,792,564,793,-1,792,793,794,-1,794,793,795,-1,794,795,796,-1,796,795,797,-1,796,797,798,-1,798,797,799,-1,798,799,800,-1,800,799,801,-1,592,591,802,-1,802,591,803,-1,802,803,804,-1,804,803,805,-1,804,805,806,-1,806,805,807,-1,806,807,808,-1,808,807,809,-1,808,809,810,-1,810,809,811,-1,812,650,813,-1,813,650,649,-1,813,649,814,-1,815,816,817,-1,817,816,814,-1,817,814,818,-1,818,814,649,-1,818,649,819,-1,819,649,651,-1,819,651,820,-1,622,658,821,-1,821,658,657,-1,821,657,822,-1,822,657,823,-1,822,823,824,-1,601,600,657,-1,657,600,825,-1,657,825,823,-1,622,621,658,-1,658,621,662,-1,658,662,601,-1,601,662,660,-1,601,660,599,-1,826,827,828,-1,828,827,659,-1,828,659,829,-1,829,659,661,-1,829,661,830,-1,830,661,663,-1,830,663,831,-1,831,663,664,-1,831,664,832,-1,832,664,665,-1,832,665,575,-1,575,665,576,-1,827,833,659,-1,659,833,834,-1,659,834,660,-1,660,834,835,-1,660,835,599,-1,575,574,832,-1,832,574,666,-1,832,666,831,-1,831,666,668,-1,831,668,830,-1,830,668,670,-1,830,670,829,-1,829,670,672,-1,829,672,828,-1,828,672,674,-1,828,674,826,-1,836,837,838,-1,838,837,675,-1,838,675,839,-1,839,675,673,-1,839,673,840,-1,840,673,671,-1,840,671,841,-1,841,671,669,-1,841,669,842,-1,842,669,667,-1,842,667,572,-1,572,667,573,-1,837,843,675,-1,675,843,844,-1,675,844,674,-1,674,844,845,-1,674,845,826,-1,572,562,842,-1,842,562,676,-1,842,676,841,-1,841,676,678,-1,841,678,840,-1,840,678,680,-1,840,680,839,-1,839,680,682,-1,839,682,838,-1,838,682,684,-1,838,684,836,-1,846,847,848,-1,848,847,685,-1,848,685,849,-1,849,685,683,-1,849,683,850,-1,850,683,681,-1,850,681,851,-1,851,681,679,-1,851,679,852,-1,852,679,677,-1,852,677,560,-1,560,677,561,-1,847,853,685,-1,685,853,854,-1,685,854,684,-1,684,854,855,-1,684,855,836,-1,560,559,852,-1,852,559,686,-1,852,686,851,-1,851,686,688,-1,851,688,850,-1,850,688,690,-1,850,690,849,-1,849,690,692,-1,849,692,848,-1,848,692,694,-1,848,694,846,-1,856,857,858,-1,858,857,695,-1,858,695,859,-1,859,695,693,-1,859,693,860,-1,860,693,691,-1,860,691,861,-1,861,691,689,-1,861,689,862,-1,862,689,687,-1,862,687,557,-1,557,687,558,-1,857,863,695,-1,695,863,864,-1,695,864,694,-1,694,864,865,-1,694,865,846,-1,557,556,862,-1,862,556,696,-1,862,696,861,-1,861,696,698,-1,861,698,860,-1,860,698,700,-1,860,700,859,-1,859,700,702,-1,859,702,858,-1,858,702,704,-1,858,704,856,-1,866,867,868,-1,868,867,705,-1,868,705,869,-1,869,705,703,-1,869,703,870,-1,870,703,701,-1,870,701,871,-1,871,701,699,-1,871,699,872,-1,872,699,697,-1,872,697,554,-1,554,697,555,-1,867,873,705,-1,705,873,874,-1,705,874,704,-1,704,874,875,-1,704,875,856,-1,554,553,872,-1,872,553,706,-1,872,706,871,-1,871,706,708,-1,871,708,870,-1,870,708,710,-1,870,710,869,-1,869,710,712,-1,869,712,868,-1,868,712,714,-1,868,714,866,-1,876,877,878,-1,878,877,715,-1,878,715,879,-1,879,715,713,-1,879,713,880,-1,880,713,711,-1,880,711,881,-1,881,711,709,-1,881,709,882,-1,882,709,707,-1,882,707,545,-1,545,707,546,-1,877,883,715,-1,715,883,884,-1,715,884,714,-1,714,884,885,-1,714,885,866,-1,886,876,640,-1,640,876,878,-1,640,878,639,-1,639,878,879,-1,639,879,638,-1,638,879,880,-1,638,880,637,-1,637,880,881,-1,637,881,636,-1,636,881,882,-1,636,882,544,-1,544,882,545,-1,607,724,608,-1,608,724,643,-1,608,643,614,-1,614,643,642,-1,614,642,627,-1,627,642,716,-1,627,716,640,-1,640,716,887,-1,640,887,886,-1,720,888,718,-1,718,888,889,-1,718,889,717,-1,717,889,890,-1,717,890,716,-1,716,890,891,-1,716,891,887,-1,537,536,607,-1,607,536,725,-1,607,725,724,-1,724,725,727,-1,724,727,723,-1,723,727,729,-1,723,729,722,-1,722,729,731,-1,722,731,721,-1,721,731,733,-1,721,733,719,-1,740,892,734,-1,734,892,893,-1,734,893,733,-1,733,893,894,-1,733,894,719,-1,597,741,598,-1,598,741,739,-1,598,739,895,-1,895,739,738,-1,895,738,896,-1,896,738,737,-1,896,737,897,-1,897,737,736,-1,897,736,898,-1,898,736,735,-1,898,735,552,-1,552,735,534,-1,594,596,595,-1,595,596,598,-1,595,598,899,-1,899,598,895,-1,899,895,900,-1,900,895,896,-1,900,896,901,-1,901,896,897,-1,901,897,902,-1,902,897,898,-1,902,898,551,-1,551,898,552,-1,551,550,902,-1,902,550,742,-1,902,742,901,-1,901,742,744,-1,901,744,900,-1,900,744,746,-1,900,746,899,-1,899,746,748,-1,899,748,595,-1,595,748,750,-1,595,750,593,-1,903,904,905,-1,905,904,751,-1,905,751,906,-1,906,751,749,-1,906,749,907,-1,907,749,747,-1,907,747,908,-1,908,747,745,-1,908,745,909,-1,909,745,743,-1,909,743,542,-1,542,743,549,-1,904,910,751,-1,751,910,911,-1,751,911,750,-1,750,911,912,-1,750,912,593,-1,542,541,909,-1,909,541,752,-1,909,752,908,-1,908,752,754,-1,908,754,907,-1,907,754,756,-1,907,756,906,-1,906,756,758,-1,906,758,905,-1,905,758,760,-1,905,760,903,-1,913,914,915,-1,915,914,761,-1,915,761,916,-1,916,761,759,-1,916,759,917,-1,917,759,757,-1,917,757,918,-1,918,757,755,-1,918,755,919,-1,919,755,753,-1,919,753,582,-1,582,753,540,-1,914,920,761,-1,761,920,921,-1,761,921,760,-1,760,921,922,-1,760,922,903,-1,582,581,919,-1,919,581,762,-1,919,762,918,-1,918,762,764,-1,918,764,917,-1,917,764,766,-1,917,766,916,-1,916,766,768,-1,916,768,915,-1,915,768,770,-1,915,770,913,-1,923,924,925,-1,925,924,771,-1,925,771,926,-1,926,771,769,-1,926,769,927,-1,927,769,767,-1,927,767,928,-1,928,767,765,-1,928,765,929,-1,929,765,763,-1,929,763,579,-1,579,763,580,-1,924,930,771,-1,771,930,931,-1,771,931,770,-1,770,931,932,-1,770,932,913,-1,579,571,929,-1,929,571,772,-1,929,772,928,-1,928,772,774,-1,928,774,927,-1,927,774,776,-1,927,776,926,-1,926,776,778,-1,926,778,925,-1,925,778,780,-1,925,780,923,-1,933,934,935,-1,935,934,781,-1,935,781,936,-1,936,781,779,-1,936,779,937,-1,937,779,777,-1,937,777,938,-1,938,777,775,-1,938,775,939,-1,939,775,773,-1,939,773,569,-1,569,773,570,-1,934,940,781,-1,781,940,941,-1,781,941,780,-1,780,941,942,-1,780,942,923,-1,569,568,939,-1,939,568,782,-1,939,782,938,-1,938,782,784,-1,938,784,937,-1,937,784,786,-1,937,786,936,-1,936,786,788,-1,936,788,935,-1,935,788,790,-1,935,790,933,-1,943,944,945,-1,945,944,791,-1,945,791,946,-1,946,791,789,-1,946,789,947,-1,947,789,787,-1,947,787,948,-1,948,787,785,-1,948,785,949,-1,949,785,783,-1,949,783,566,-1,566,783,567,-1,944,950,791,-1,791,950,951,-1,791,951,790,-1,790,951,952,-1,790,952,933,-1,566,565,949,-1,949,565,792,-1,949,792,948,-1,948,792,794,-1,948,794,947,-1,947,794,796,-1,947,796,946,-1,946,796,798,-1,946,798,945,-1,945,798,800,-1,945,800,943,-1,953,954,955,-1,955,954,801,-1,955,801,956,-1,956,801,799,-1,956,799,957,-1,957,799,797,-1,957,797,958,-1,958,797,795,-1,958,795,959,-1,959,795,793,-1,959,793,563,-1,563,793,564,-1,954,960,801,-1,801,960,961,-1,801,961,800,-1,800,961,962,-1,800,962,943,-1,563,592,959,-1,959,592,802,-1,959,802,958,-1,958,802,804,-1,958,804,957,-1,957,804,806,-1,957,806,956,-1,956,806,808,-1,956,808,955,-1,955,808,810,-1,955,810,953,-1,963,964,965,-1,965,964,811,-1,965,811,966,-1,966,811,809,-1,966,809,967,-1,967,809,807,-1,967,807,968,-1,968,807,805,-1,968,805,969,-1,969,805,803,-1,969,803,590,-1,590,803,591,-1,964,970,811,-1,811,970,971,-1,811,971,810,-1,810,971,972,-1,810,972,953,-1,973,963,648,-1,648,963,965,-1,648,965,647,-1,647,965,966,-1,647,966,646,-1,646,966,967,-1,646,967,645,-1,645,967,968,-1,645,968,644,-1,644,968,969,-1,644,969,589,-1,589,969,590,-1,610,820,611,-1,611,820,651,-1,611,651,617,-1,617,651,650,-1,617,650,631,-1,631,650,812,-1,631,812,648,-1,648,812,974,-1,648,974,973,-1,816,975,814,-1,814,975,976,-1,814,976,813,-1,813,976,977,-1,813,977,812,-1,812,977,978,-1,812,978,974,-1,979,815,652,-1,652,815,817,-1,652,817,632,-1,632,817,818,-1,632,818,618,-1,618,818,819,-1,618,819,604,-1,604,819,820,-1,604,820,602,-1,602,820,610,-1,602,610,586,-1,586,610,587,-1,980,981,982,-1,547,605,656,-1,656,605,983,-1,656,983,655,-1,655,983,984,-1,655,984,654,-1,654,984,985,-1,654,985,653,-1,653,985,980,-1,653,980,652,-1,652,980,982,-1,652,982,979,-1,576,665,605,-1,605,665,623,-1,605,623,983,-1,983,623,622,-1,983,622,984,-1,984,622,821,-1,984,821,985,-1,985,821,822,-1,985,822,980,-1,980,822,824,-1,980,824,981,-1,986,981,987,-1,987,981,824,-1,987,824,988,-1,988,824,823,-1,988,823,989,-1,989,823,825,-1,989,825,990,-1,990,825,600,-1,990,600,991,-1,991,600,599,-1,991,599,992,-1,992,599,835,-1,992,835,993,-1,993,835,834,-1,993,834,994,-1,994,834,833,-1,994,833,995,-1,995,833,827,-1,995,827,996,-1,996,827,826,-1,996,826,997,-1,997,826,845,-1,997,845,998,-1,998,845,844,-1,998,844,999,-1,999,844,843,-1,999,843,1000,-1,1000,843,837,-1,1000,837,1001,-1,1001,837,836,-1,1001,836,1002,-1,1002,836,855,-1,1002,855,1003,-1,1003,855,854,-1,1003,854,1004,-1,1004,854,853,-1,1004,853,1005,-1,1005,853,847,-1,1005,847,1006,-1,1006,847,846,-1,1006,846,1007,-1,1007,846,865,-1,1007,865,1008,-1,1008,865,864,-1,1008,864,1009,-1,1009,864,863,-1,1009,863,1010,-1,1010,863,857,-1,1010,857,1011,-1,1011,857,856,-1,1011,856,1012,-1,1012,856,875,-1,1012,875,1013,-1,1013,875,874,-1,1013,874,1014,-1,1014,874,873,-1,1014,873,1015,-1,1015,873,867,-1,1015,867,1016,-1,1016,867,866,-1,1016,866,1017,-1,1017,866,885,-1,1017,885,1018,-1,1018,885,884,-1,1018,884,1019,-1,1019,884,883,-1,1019,883,1020,-1,1020,883,877,-1,1020,877,1021,-1,1021,877,876,-1,1021,876,1022,-1,1022,876,886,-1,1022,886,1023,-1,1023,886,887,-1,1023,887,1024,-1,1024,887,891,-1,1024,891,1025,-1,1025,891,890,-1,1025,890,1026,-1,1026,890,889,-1,1026,889,1027,-1,1027,889,888,-1,1027,888,1028,-1,1028,888,720,-1,1028,720,1029,-1,1029,720,719,-1,1029,719,1030,-1,1030,719,894,-1,1030,894,1031,-1,1031,894,893,-1,1031,893,1032,-1,1032,893,892,-1,1032,892,1033,-1,1033,892,740,-1,1033,740,1034,-1,1034,740,741,-1,1034,741,1035,-1,1035,741,597,-1,1035,597,1036,-1,1036,597,596,-1,1036,596,1037,-1,1037,596,594,-1,1037,594,1038,-1,1038,594,593,-1,1038,593,1039,-1,1039,593,912,-1,1039,912,1040,-1,1040,912,911,-1,1040,911,1041,-1,1041,911,910,-1,1041,910,1042,-1,1042,910,904,-1,1042,904,1043,-1,1043,904,903,-1,1043,903,1044,-1,1044,903,922,-1,1044,922,1045,-1,1045,922,921,-1,1045,921,1046,-1,1046,921,920,-1,1046,920,1047,-1,1047,920,914,-1,1047,914,1048,-1,1048,914,913,-1,1048,913,1049,-1,1049,913,932,-1,1049,932,1050,-1,1050,932,931,-1,1050,931,1051,-1,1051,931,930,-1,1051,930,1052,-1,1052,930,924,-1,1052,924,1053,-1,1053,924,923,-1,1053,923,1054,-1,1054,923,942,-1,1054,942,1055,-1,1055,942,941,-1,1055,941,1056,-1,1056,941,940,-1,1056,940,1057,-1,1057,940,934,-1,1057,934,1058,-1,1058,934,933,-1,1058,933,1059,-1,1059,933,952,-1,1059,952,1060,-1,1060,952,951,-1,1060,951,1061,-1,1061,951,950,-1,1061,950,1062,-1,1062,950,944,-1,1062,944,1063,-1,1063,944,943,-1,1063,943,1064,-1,1064,943,962,-1,1064,962,1065,-1,1065,962,961,-1,1065,961,1066,-1,1066,961,960,-1,1066,960,1067,-1,1067,960,954,-1,1067,954,1068,-1,1068,954,953,-1,1068,953,1069,-1,1069,953,972,-1,1069,972,1070,-1,1070,972,971,-1,1070,971,1071,-1,1071,971,970,-1,1071,970,1072,-1,1072,970,964,-1,1072,964,1073,-1,1073,964,963,-1,1073,963,1074,-1,1074,963,973,-1,1074,973,1075,-1,1075,973,974,-1,1075,974,1076,-1,1076,974,978,-1,1076,978,1077,-1,1077,978,977,-1,1077,977,1078,-1,1078,977,976,-1,1078,976,1079,-1,1079,976,975,-1,1079,975,1080,-1,1080,975,816,-1,1080,816,1081,-1,1081,816,815,-1,1081,815,1082,-1,1082,815,979,-1,1082,979,1083,-1,1083,979,982,-1,1083,982,986,-1,986,982,981,-1,1084,1085,989,-1,989,990,1084,-1,1084,990,991,-1,1084,991,1086,-1,1086,991,992,-1,1086,992,1087,-1,992,993,1087,-1,1087,993,994,-1,1087,994,1088,-1,1088,994,995,-1,1088,995,1089,-1,995,996,1089,-1,1089,996,997,-1,1089,997,1090,-1,997,998,1090,-1,1090,998,999,-1,1090,999,1091,-1,1091,999,1000,-1,1091,1000,1092,-1,1000,1001,1092,-1,1092,1001,1002,-1,1092,1002,1093,-1,1002,1003,1093,-1,1093,1003,1004,-1,1093,1004,1094,-1,1094,1004,1005,-1,1094,1005,1095,-1,1005,1006,1095,-1,1095,1006,1007,-1,1095,1007,1096,-1,1007,1008,1096,-1,1096,1008,1009,-1,1096,1009,1097,-1,1097,1009,1010,-1,1097,1010,1098,-1,1010,1011,1098,-1,1098,1011,1012,-1,1098,1012,1099,-1,1012,1013,1099,-1,1099,1013,1014,-1,1099,1014,1100,-1,1100,1014,1015,-1,1100,1015,1101,-1,1015,1016,1101,-1,1101,1016,1017,-1,1101,1017,1102,-1,1017,1018,1102,-1,1102,1018,1019,-1,1102,1019,1103,-1,1103,1019,1020,-1,1103,1020,1104,-1,1020,1021,1104,-1,1104,1021,1022,-1,1104,1022,1105,-1,1022,1023,1105,-1,1105,1023,1024,-1,1105,1024,1106,-1,1106,1024,1025,-1,1106,1025,1107,-1,1025,1026,1107,-1,1107,1026,1027,-1,1107,1027,1108,-1,1027,1028,1108,-1,1108,1028,1029,-1,1108,1029,1109,-1,1109,1029,1030,-1,1109,1030,1110,-1,1030,1031,1110,-1,1110,1031,1032,-1,1110,1032,1111,-1,1032,1033,1111,-1,1111,1033,1034,-1,1111,1034,1112,-1,1112,1034,1035,-1,1112,1035,1113,-1,1113,1035,1036,-1,1036,1037,1113,-1,1113,1037,1038,-1,1113,1038,1114,-1,1114,1038,1039,-1,1114,1039,1115,-1,1039,1040,1115,-1,1115,1040,1041,-1,1115,1041,1116,-1,1041,1042,1116,-1,1116,1042,1043,-1,1116,1043,1117,-1,1117,1043,1044,-1,1117,1044,1118,-1,1044,1045,1118,-1,1118,1045,1046,-1,1118,1046,1119,-1,1119,1046,1047,-1,1119,1047,1120,-1,1047,1048,1120,-1,1120,1048,1049,-1,1120,1049,1121,-1,1049,1050,1121,-1,1121,1050,1051,-1,1121,1051,1122,-1,1122,1051,1052,-1,1122,1052,1123,-1,1052,1053,1123,-1,1123,1053,1054,-1,1123,1054,1124,-1,1054,1055,1124,-1,1124,1055,1056,-1,1124,1056,1125,-1,1125,1056,1057,-1,1125,1057,1126,-1,1057,1058,1126,-1,1126,1058,1059,-1,1126,1059,1127,-1,1059,1060,1127,-1,1127,1060,1061,-1,1127,1061,1128,-1,1128,1061,1062,-1,1128,1062,1129,-1,1062,1063,1129,-1,1129,1063,1064,-1,1129,1064,1130,-1,1064,1065,1130,-1,1130,1065,1066,-1,1130,1066,1131,-1,1131,1066,1067,-1,1131,1067,1132,-1,1067,1068,1132,-1,1132,1068,1069,-1,1132,1069,1133,-1,1069,1070,1133,-1,1133,1070,1071,-1,1133,1071,1134,-1,1134,1071,1072,-1,1134,1072,1135,-1,1072,1073,1135,-1,1135,1073,1074,-1,1135,1074,1136,-1,1074,1075,1136,-1,1136,1075,1076,-1,1136,1076,1137,-1,1137,1076,1077,-1,1137,1077,1138,-1,1077,1078,1138,-1,1138,1078,1079,-1,1138,1079,1139,-1,1079,1080,1139,-1,1139,1080,1081,-1,1139,1081,1140,-1,1140,1081,1082,-1,1140,1082,1141,-1,1082,1083,1141,-1,1141,1083,986,-1,1141,986,1142,-1,1142,986,987,-1,1142,987,1085,-1,1085,987,988,-1,1085,988,989,-1,1141,1143,1140,-1,1140,1143,1144,-1,1140,1144,1139,-1,1139,1144,1145,-1,1139,1145,1138,-1,1138,1145,1146,-1,1138,1146,1137,-1,1137,1146,1147,-1,1137,1147,1136,-1,1136,1147,1148,-1,1136,1148,1135,-1,1135,1148,1149,-1,1135,1149,1134,-1,1134,1149,1150,-1,1134,1150,1133,-1,1133,1150,1151,-1,1133,1151,1132,-1,1132,1151,1152,-1,1132,1152,1131,-1,1131,1152,1153,-1,1131,1153,1130,-1,1130,1153,1154,-1,1130,1154,1129,-1,1129,1154,1155,-1,1129,1155,1128,-1,1128,1155,1156,-1,1128,1156,1127,-1,1127,1156,1157,-1,1127,1157,1126,-1,1126,1157,1158,-1,1126,1158,1125,-1,1125,1158,1159,-1,1125,1159,1124,-1,1124,1159,1160,-1,1124,1160,1123,-1,1123,1160,1161,-1,1123,1161,1122,-1,1122,1161,1162,-1,1122,1162,1121,-1,1121,1162,1163,-1,1121,1163,1120,-1,1120,1163,1164,-1,1120,1164,1119,-1,1119,1164,1165,-1,1119,1165,1118,-1,1118,1165,1166,-1,1118,1166,1117,-1,1117,1166,1167,-1,1117,1167,1116,-1,1116,1167,1168,-1,1116,1168,1115,-1,1115,1168,1169,-1,1115,1169,1114,-1,1114,1169,1170,-1,1114,1170,1113,-1,1113,1170,1171,-1,1113,1171,1112,-1,1112,1171,1172,-1,1112,1172,1111,-1,1111,1172,1173,-1,1111,1173,1110,-1,1110,1173,1174,-1,1110,1174,1109,-1,1109,1174,1175,-1,1109,1175,1108,-1,1108,1175,1176,-1,1108,1176,1107,-1,1107,1176,1177,-1,1107,1177,1106,-1,1106,1177,1178,-1,1106,1178,1105,-1,1105,1178,1179,-1,1105,1179,1104,-1,1104,1179,1180,-1,1104,1180,1103,-1,1103,1180,1181,-1,1103,1181,1102,-1,1102,1181,1182,-1,1102,1182,1101,-1,1101,1182,1183,-1,1101,1183,1100,-1,1100,1183,1184,-1,1100,1184,1099,-1,1099,1184,1185,-1,1099,1185,1098,-1,1098,1185,1186,-1,1098,1186,1097,-1,1097,1186,1187,-1,1097,1187,1096,-1,1096,1187,1188,-1,1096,1188,1095,-1,1095,1188,1189,-1,1095,1189,1094,-1,1094,1189,1190,-1,1094,1190,1093,-1,1093,1190,1191,-1,1093,1191,1092,-1,1092,1191,1192,-1,1092,1192,1091,-1,1091,1192,1193,-1,1091,1193,1090,-1,1090,1193,1194,-1,1090,1194,1089,-1,1089,1194,1195,-1,1089,1195,1088,-1,1088,1195,1196,-1,1088,1196,1087,-1,1087,1196,1197,-1,1087,1197,1086,-1,1086,1197,1198,-1,1086,1198,1084,-1,1084,1198,1199,-1,1084,1199,1085,-1,1085,1199,1200,-1,1085,1200,1142,-1,1142,1200,1201,-1,1142,1201,1141,-1,1141,1201,1143,-1,1143,1202,1144,-1,1144,1202,1203,-1,1144,1203,1145,-1,1145,1203,1204,-1,1145,1204,1146,-1,1146,1204,1205,-1,1146,1205,1147,-1,1147,1205,1206,-1,1147,1206,1148,-1,1148,1206,1207,-1,1148,1207,1149,-1,1149,1207,1208,-1,1149,1208,1150,-1,1150,1208,1209,-1,1150,1209,1151,-1,1151,1209,1210,-1,1151,1210,1152,-1,1152,1210,1211,-1,1152,1211,1153,-1,1153,1211,1212,-1,1153,1212,1154,-1,1154,1212,1213,-1,1154,1213,1155,-1,1155,1213,1214,-1,1155,1214,1156,-1,1156,1214,1215,-1,1156,1215,1157,-1,1157,1215,1216,-1,1157,1216,1158,-1,1158,1216,1217,-1,1158,1217,1159,-1,1159,1217,1218,-1,1159,1218,1160,-1,1160,1218,1219,-1,1160,1219,1161,-1,1161,1219,1220,-1,1161,1220,1162,-1,1162,1220,1221,-1,1162,1221,1163,-1,1163,1221,1222,-1,1163,1222,1164,-1,1164,1222,1223,-1,1164,1223,1165,-1,1165,1223,1224,-1,1165,1224,1166,-1,1166,1224,1225,-1,1166,1225,1167,-1,1167,1225,1226,-1,1167,1226,1168,-1,1168,1226,1227,-1,1168,1227,1169,-1,1169,1227,1228,-1,1169,1228,1170,-1,1170,1228,1229,-1,1170,1229,1171,-1,1171,1229,1230,-1,1171,1230,1172,-1,1172,1230,1231,-1,1172,1231,1173,-1,1173,1231,1232,-1,1173,1232,1174,-1,1174,1232,1233,-1,1174,1233,1175,-1,1175,1233,1234,-1,1175,1234,1176,-1,1176,1234,1235,-1,1176,1235,1177,-1,1177,1235,1236,-1,1177,1236,1178,-1,1178,1236,1237,-1,1178,1237,1179,-1,1179,1237,1238,-1,1179,1238,1180,-1,1180,1238,1239,-1,1180,1239,1181,-1,1181,1239,1240,-1,1181,1240,1182,-1,1182,1240,1241,-1,1182,1241,1183,-1,1183,1241,1242,-1,1183,1242,1184,-1,1184,1242,1243,-1,1184,1243,1185,-1,1185,1243,1244,-1,1185,1244,1186,-1,1186,1244,1245,-1,1186,1245,1187,-1,1187,1245,1246,-1,1187,1246,1188,-1,1188,1246,1247,-1,1188,1247,1189,-1,1189,1247,1248,-1,1189,1248,1190,-1,1190,1248,1249,-1,1190,1249,1191,-1,1191,1249,1250,-1,1191,1250,1192,-1,1192,1250,1251,-1,1192,1251,1193,-1,1193,1251,1252,-1,1193,1252,1194,-1,1194,1252,1253,-1,1194,1253,1195,-1,1195,1253,1254,-1,1195,1254,1196,-1,1196,1254,1255,-1,1196,1255,1197,-1,1197,1255,1256,-1,1197,1256,1198,-1,1198,1256,1257,-1,1198,1257,1199,-1,1199,1257,1258,-1,1199,1258,1200,-1,1200,1258,1259,-1,1200,1259,1201,-1,1201,1259,1260,-1,1201,1260,1143,-1,1143,1260,1202,-1,1202,1261,1203,-1,1203,1261,1262,-1,1203,1262,1204,-1,1204,1262,1263,-1,1204,1263,1205,-1,1205,1263,1264,-1,1205,1264,1206,-1,1206,1264,1265,-1,1206,1265,1207,-1,1207,1265,1266,-1,1207,1266,1208,-1,1208,1266,1267,-1,1208,1267,1209,-1,1209,1267,1268,-1,1209,1268,1210,-1,1210,1268,1269,-1,1210,1269,1211,-1,1211,1269,1270,-1,1211,1270,1212,-1,1212,1270,1271,-1,1212,1271,1213,-1,1213,1271,1272,-1,1213,1272,1214,-1,1214,1272,1273,-1,1214,1273,1215,-1,1215,1273,1274,-1,1215,1274,1216,-1,1216,1274,1275,-1,1216,1275,1217,-1,1217,1275,1276,-1,1217,1276,1218,-1,1218,1276,1277,-1,1218,1277,1219,-1,1219,1277,1278,-1,1219,1278,1220,-1,1220,1278,1279,-1,1220,1279,1221,-1,1221,1279,1280,-1,1221,1280,1222,-1,1222,1280,1281,-1,1222,1281,1223,-1,1223,1281,1282,-1,1223,1282,1224,-1,1224,1282,1283,-1,1224,1283,1225,-1,1225,1283,1284,-1,1225,1284,1226,-1,1226,1284,1285,-1,1226,1285,1227,-1,1227,1285,1286,-1,1227,1286,1228,-1,1228,1286,1287,-1,1228,1287,1229,-1,1229,1287,1288,-1,1229,1288,1230,-1,1230,1288,1289,-1,1230,1289,1231,-1,1231,1289,1290,-1,1231,1290,1232,-1,1232,1290,1291,-1,1232,1291,1233,-1,1233,1291,1292,-1,1233,1292,1234,-1,1234,1292,1293,-1,1234,1293,1235,-1,1235,1293,1294,-1,1235,1294,1236,-1,1236,1294,1295,-1,1236,1295,1237,-1,1237,1295,1296,-1,1237,1296,1238,-1,1238,1296,1297,-1,1238,1297,1239,-1,1239,1297,1298,-1,1239,1298,1240,-1,1240,1298,1299,-1,1240,1299,1241,-1,1241,1299,1300,-1,1241,1300,1242,-1,1242,1300,1301,-1,1242,1301,1243,-1,1243,1301,1302,-1,1243,1302,1244,-1,1244,1302,1303,-1,1244,1303,1245,-1,1245,1303,1304,-1,1245,1304,1246,-1,1246,1304,1305,-1,1246,1305,1247,-1,1247,1305,1306,-1,1247,1306,1248,-1,1248,1306,1307,-1,1248,1307,1249,-1,1249,1307,1308,-1,1249,1308,1250,-1,1250,1308,1309,-1,1250,1309,1251,-1,1251,1309,1310,-1,1251,1310,1252,-1,1252,1310,1311,-1,1252,1311,1253,-1,1253,1311,1312,-1,1253,1312,1254,-1,1254,1312,1313,-1,1254,1313,1255,-1,1255,1313,1314,-1,1255,1314,1256,-1,1256,1314,1315,-1,1256,1315,1257,-1,1257,1315,1316,-1,1257,1316,1258,-1,1258,1316,1317,-1,1258,1317,1259,-1,1259,1317,1318,-1,1259,1318,1260,-1,1260,1318,1319,-1,1260,1319,1202,-1,1202,1319,1261,-1,1261,1320,1262,-1,1262,1320,1321,-1,1262,1321,1263,-1,1263,1321,1322,-1,1263,1322,1264,-1,1264,1322,1323,-1,1264,1323,1265,-1,1265,1323,1324,-1,1265,1324,1266,-1,1266,1324,1325,-1,1266,1325,1267,-1,1267,1325,1326,-1,1267,1326,1268,-1,1268,1326,1327,-1,1268,1327,1269,-1,1269,1327,1328,-1,1269,1328,1270,-1,1270,1328,1329,-1,1270,1329,1271,-1,1271,1329,1330,-1,1271,1330,1272,-1,1272,1330,1331,-1,1272,1331,1273,-1,1273,1331,1332,-1,1273,1332,1274,-1,1274,1332,1333,-1,1274,1333,1275,-1,1275,1333,1334,-1,1275,1334,1276,-1,1276,1334,1335,-1,1276,1335,1277,-1,1277,1335,1336,-1,1277,1336,1278,-1,1278,1336,1337,-1,1278,1337,1279,-1,1279,1337,1338,-1,1279,1338,1280,-1,1280,1338,1339,-1,1280,1339,1281,-1,1281,1339,1340,-1,1281,1340,1282,-1,1282,1340,1341,-1,1282,1341,1283,-1,1283,1341,1342,-1,1283,1342,1284,-1,1284,1342,1343,-1,1284,1343,1285,-1,1285,1343,1344,-1,1285,1344,1286,-1,1286,1344,1345,-1,1286,1345,1287,-1,1287,1345,1346,-1,1287,1346,1288,-1,1288,1346,1347,-1,1288,1347,1289,-1,1289,1347,1348,-1,1289,1348,1290,-1,1290,1348,1349,-1,1290,1349,1291,-1,1291,1349,1350,-1,1291,1350,1292,-1,1292,1350,1351,-1,1292,1351,1293,-1,1293,1351,1352,-1,1293,1352,1294,-1,1294,1352,1353,-1,1294,1353,1295,-1,1295,1353,1354,-1,1295,1354,1296,-1,1296,1354,1355,-1,1296,1355,1297,-1,1297,1355,1356,-1,1297,1356,1298,-1,1298,1356,1357,-1,1298,1357,1299,-1,1299,1357,1358,-1,1299,1358,1300,-1,1300,1358,1359,-1,1300,1359,1301,-1,1301,1359,1360,-1,1301,1360,1302,-1,1302,1360,1361,-1,1302,1361,1303,-1,1303,1361,1362,-1,1303,1362,1304,-1,1304,1362,1363,-1,1304,1363,1305,-1,1305,1363,1364,-1,1305,1364,1306,-1,1306,1364,1365,-1,1306,1365,1307,-1,1307,1365,1366,-1,1307,1366,1308,-1,1308,1366,1367,-1,1308,1367,1309,-1,1309,1367,1368,-1,1309,1368,1310,-1,1310,1368,1369,-1,1310,1369,1311,-1,1311,1369,1370,-1,1311,1370,1312,-1,1312,1370,1371,-1,1312,1371,1313,-1,1313,1371,1372,-1,1313,1372,1314,-1,1314,1372,1373,-1,1314,1373,1315,-1,1315,1373,1374,-1,1315,1374,1316,-1,1316,1374,1375,-1,1316,1375,1317,-1,1317,1375,1376,-1,1317,1376,1318,-1,1318,1376,1377,-1,1318,1377,1319,-1,1319,1377,1378,-1,1319,1378,1261,-1,1261,1378,1320,-1,1320,1379,1321,-1,1321,1379,1380,-1,1321,1380,1322,-1,1322,1380,1381,-1,1322,1381,1323,-1,1323,1381,1382,-1,1323,1382,1324,-1,1324,1382,1383,-1,1324,1383,1325,-1,1325,1383,1384,-1,1325,1384,1326,-1,1326,1384,1385,-1,1326,1385,1327,-1,1327,1385,1386,-1,1327,1386,1328,-1,1328,1386,1387,-1,1328,1387,1329,-1,1329,1387,1388,-1,1329,1388,1330,-1,1330,1388,1389,-1,1330,1389,1331,-1,1331,1389,1390,-1,1331,1390,1332,-1,1332,1390,1391,-1,1332,1391,1333,-1,1333,1391,1392,-1,1333,1392,1334,-1,1334,1392,1393,-1,1334,1393,1335,-1,1335,1393,1394,-1,1335,1394,1336,-1,1336,1394,1395,-1,1336,1395,1337,-1,1337,1395,1396,-1,1337,1396,1338,-1,1338,1396,1397,-1,1338,1397,1339,-1,1339,1397,1398,-1,1339,1398,1340,-1,1340,1398,1399,-1,1340,1399,1341,-1,1341,1399,1400,-1,1341,1400,1342,-1,1342,1400,1401,-1,1342,1401,1343,-1,1343,1401,1402,-1,1343,1402,1344,-1,1344,1402,1403,-1,1344,1403,1345,-1,1345,1403,1404,-1,1345,1404,1346,-1,1346,1404,1405,-1,1346,1405,1347,-1,1347,1405,1406,-1,1347,1406,1348,-1,1348,1406,1407,-1,1348,1407,1349,-1,1349,1407,1408,-1,1349,1408,1350,-1,1350,1408,1409,-1,1350,1409,1351,-1,1351,1409,1410,-1,1351,1410,1352,-1,1352,1410,1411,-1,1352,1411,1353,-1,1353,1411,1412,-1,1353,1412,1354,-1,1354,1412,1413,-1,1354,1413,1355,-1,1355,1413,1414,-1,1355,1414,1356,-1,1356,1414,1415,-1,1356,1415,1357,-1,1357,1415,1416,-1,1357,1416,1358,-1,1358,1416,1417,-1,1358,1417,1359,-1,1359,1417,1418,-1,1359,1418,1360,-1,1360,1418,1419,-1,1360,1419,1361,-1,1361,1419,1420,-1,1361,1420,1362,-1,1362,1420,1421,-1,1362,1421,1363,-1,1363,1421,1422,-1,1363,1422,1364,-1,1364,1422,1423,-1,1364,1423,1365,-1,1365,1423,1424,-1,1365,1424,1366,-1,1366,1424,1425,-1,1366,1425,1367,-1,1367,1425,1426,-1,1367,1426,1368,-1,1368,1426,1427,-1,1368,1427,1369,-1,1369,1427,1428,-1,1369,1428,1370,-1,1370,1428,1429,-1,1370,1429,1371,-1,1371,1429,1430,-1,1371,1430,1372,-1,1372,1430,1431,-1,1372,1431,1373,-1,1373,1431,1432,-1,1373,1432,1374,-1,1374,1432,1433,-1,1374,1433,1375,-1,1375,1433,1434,-1,1375,1434,1376,-1,1376,1434,1435,-1,1376,1435,1377,-1,1377,1435,1436,-1,1377,1436,1378,-1,1378,1436,1437,-1,1378,1437,1320,-1,1320,1437,1379,-1,1438,1435,1439,-1,1439,1435,1434,-1,1439,1434,1440,-1,1434,1433,1440,-1,1440,1433,1432,-1,1440,1432,1441,-1,1441,1432,1431,-1,1441,1431,1442,-1,1442,1431,1430,-1,1442,1430,1443,-1,1430,1429,1443,-1,1443,1429,1428,-1,1443,1428,1444,-1,1444,1428,1427,-1,1444,1427,1445,-1,1446,1421,1447,-1,1447,1421,1420,-1,1447,1420,1448,-1,1420,1419,1448,-1,1448,1419,1418,-1,1448,1418,1449,-1,1449,1418,1417,-1,1449,1417,1450,-1,1450,1417,1416,-1,1450,1416,1451,-1,1452,1380,1453,-1,1453,1380,1379,-1,1453,1379,1454,-1,1454,1379,1437,-1,1454,1437,1438,-1,1438,1437,1436,-1,1438,1436,1435,-1,1427,1426,1445,-1,1445,1426,1425,-1,1445,1425,1455,-1,1455,1425,1424,-1,1455,1424,1456,-1,1456,1424,1423,-1,1456,1423,1446,-1,1446,1423,1422,-1,1446,1422,1421,-1,1457,1397,1458,-1,1458,1397,1396,-1,1458,1396,1459,-1,1460,1383,1461,-1,1461,1383,1382,-1,1461,1382,1452,-1,1452,1382,1381,-1,1452,1381,1380,-1,1416,1415,1451,-1,1451,1415,1414,-1,1451,1414,1462,-1,1462,1414,1413,-1,1462,1413,1463,-1,1464,1390,1465,-1,1465,1390,1389,-1,1465,1389,1466,-1,1413,1412,1463,-1,1463,1412,1411,-1,1463,1411,1467,-1,1467,1411,1410,-1,1467,1410,1468,-1,1469,1401,1470,-1,1470,1401,1400,-1,1470,1400,1471,-1,1471,1400,1399,-1,1471,1399,1457,-1,1457,1399,1398,-1,1457,1398,1397,-1,1396,1395,1459,-1,1459,1395,1394,-1,1459,1394,1472,-1,1472,1394,1393,-1,1472,1393,1473,-1,1473,1393,1392,-1,1473,1392,1464,-1,1464,1392,1391,-1,1464,1391,1390,-1,1389,1388,1466,-1,1466,1388,1387,-1,1466,1387,1474,-1,1474,1387,1386,-1,1474,1386,1475,-1,1475,1386,1385,-1,1475,1385,1460,-1,1460,1385,1384,-1,1460,1384,1383,-1,1410,1409,1468,-1,1468,1409,1408,-1,1468,1408,1476,-1,1476,1408,1407,-1,1476,1407,1477,-1,1477,1407,1406,-1,1477,1406,1478,-1,1406,1405,1478,-1,1478,1405,1404,-1,1478,1404,1479,-1,1479,1404,1403,-1,1479,1403,1469,-1,1469,1403,1402,-1,1469,1402,1401,-1,1454,1438,1480,-1,1439,1481,1438,-1,1438,1481,1482,-1,1438,1482,1480,-1,1483,1484,1440,-1,1440,1484,1485,-1,1440,1485,1439,-1,1439,1485,1486,-1,1439,1486,1481,-1,1483,1440,1487,-1,1487,1440,1441,-1,1487,1441,1488,-1,1488,1441,1489,-1,1489,1441,1442,-1,1489,1442,1490,-1,1443,1491,1442,-1,1442,1491,1492,-1,1442,1492,1490,-1,1444,1493,1443,-1,1443,1493,1494,-1,1443,1494,1491,-1,1495,1496,1445,-1,1445,1496,1497,-1,1445,1497,1444,-1,1444,1497,1498,-1,1444,1498,1493,-1,1495,1445,1499,-1,1499,1445,1455,-1,1499,1455,1500,-1,1500,1455,1501,-1,1501,1455,1456,-1,1501,1456,1502,-1,1446,1503,1456,-1,1456,1503,1504,-1,1456,1504,1502,-1,1447,1505,1446,-1,1446,1505,1506,-1,1446,1506,1503,-1,1507,1508,1448,-1,1448,1508,1509,-1,1448,1509,1447,-1,1447,1509,1510,-1,1447,1510,1505,-1,1507,1448,1511,-1,1511,1448,1449,-1,1511,1449,1512,-1,1512,1449,1513,-1,1513,1449,1450,-1,1513,1450,1514,-1,1451,1515,1450,-1,1450,1515,1516,-1,1450,1516,1514,-1,1462,1517,1451,-1,1451,1517,1518,-1,1451,1518,1515,-1,1519,1520,1463,-1,1463,1520,1521,-1,1463,1521,1462,-1,1462,1521,1522,-1,1462,1522,1517,-1,1519,1463,1523,-1,1523,1463,1467,-1,1523,1467,1524,-1,1524,1467,1525,-1,1525,1467,1468,-1,1525,1468,1526,-1,1476,1527,1468,-1,1468,1527,1528,-1,1468,1528,1526,-1,1477,1529,1476,-1,1476,1529,1530,-1,1476,1530,1527,-1,1531,1532,1478,-1,1478,1532,1533,-1,1478,1533,1477,-1,1477,1533,1534,-1,1477,1534,1529,-1,1531,1478,1535,-1,1535,1478,1479,-1,1535,1479,1536,-1,1536,1479,1537,-1,1537,1479,1469,-1,1537,1469,1538,-1,1470,1539,1469,-1,1469,1539,1540,-1,1469,1540,1538,-1,1471,1541,1470,-1,1470,1541,1542,-1,1470,1542,1539,-1,1543,1544,1457,-1,1457,1544,1545,-1,1457,1545,1471,-1,1471,1545,1546,-1,1471,1546,1541,-1,1543,1457,1547,-1,1547,1457,1458,-1,1547,1458,1548,-1,1548,1458,1549,-1,1549,1458,1459,-1,1549,1459,1550,-1,1472,1551,1459,-1,1459,1551,1552,-1,1459,1552,1550,-1,1473,1553,1472,-1,1472,1553,1554,-1,1472,1554,1551,-1,1555,1556,1464,-1,1464,1556,1557,-1,1464,1557,1473,-1,1473,1557,1558,-1,1473,1558,1553,-1,1555,1464,1559,-1,1559,1464,1465,-1,1559,1465,1560,-1,1560,1465,1561,-1,1561,1465,1466,-1,1561,1466,1562,-1,1474,1563,1466,-1,1466,1563,1564,-1,1466,1564,1562,-1,1475,1565,1474,-1,1474,1565,1566,-1,1474,1566,1563,-1,1567,1568,1460,-1,1460,1568,1569,-1,1460,1569,1475,-1,1475,1569,1570,-1,1475,1570,1565,-1,1567,1460,1571,-1,1571,1460,1461,-1,1571,1461,1572,-1,1572,1461,1573,-1,1573,1461,1452,-1,1573,1452,1574,-1,1453,1575,1452,-1,1452,1575,1576,-1,1452,1576,1574,-1,1480,1577,1454,-1,1454,1577,1578,-1,1454,1578,1453,-1,1453,1578,1579,-1,1453,1579,1575,-1,
        ]
    }
}
Shape{
    appearance Appearance {
        material  Material 	{
            diffuseColor 1.0 1.0 1.0
            specularColor 0.5019607843137255 0.5019607843137255 0.5019607843137255
            ambientIntensity 1.0
            transparency 0.0
            shininess 0.5
        }
    }
    geometry IndexedFaceSet {
        ccw TRUE
        solid FALSE
        coord DEF co Coordinate {
            point [
                0.1263 0.775 -1.9291, 0.1279 0.7874 -0.0394, 0.1246 0.7625 -0.0394, 0.1172 0.7389 -1.9291, 0.122 0.7504 -1.9291, 0.1235 0.7543 -0.0394, 0.1235 0.7543 -1.9291, 0.1246 0.7625 -1.9291, 0.1124 0.7273 -1.9291, 0.1172 0.7389 -0.0394, 0.1108 0.7234 -1.9291, 0.1108 0.7234 -0.0394, 0.1057 0.7168 -1.9291, 0.1057 0.7168 -0.0394, 0.098 0.7069 -1.9291, 0.0904 0.6969 -0.0394, 0.0904 0.6969 -1.9291, 0.0805 0.6893 -1.9291, 0.0705 0.6817 -0.0394, 0.0705 0.6817 -1.9291, 0.0639 0.6766 -1.9291, 0.0639 0.6766 -0.0394, 0.0601 0.675 -1.9291, -0.0001 0.6594 -0.0394, 0.0124 0.6611 -1.9291, 0.0248 0.6627 -0.0394, 0.0248 0.6627 -1.9291, 0.0331 0.6638 -0.0394, 0.0331 0.6638 -1.9291, 0.0485 0.6702 -0.0394, 0.0369 0.6654 -1.9291, 0.0485 0.6702 -1.9291, -0.0249 0.6627 -0.0394, -0.0125 0.6611 -1.9291, -0.0001 0.6594 -1.9291, -0.0486 0.6702 -1.9291, -0.037 0.6654 -1.9291, -0.0332 0.6638 -0.0394, -0.0332 0.6638 -1.9291, -0.0249 0.6627 -1.9291, -0.0602 0.675 -1.9291, -0.0486 0.6702 -0.0394, -0.064 0.6766 -1.9291, -0.064 0.6766 -0.0394, -0.0706 0.6817 -1.9291, -0.0706 0.6817 -0.0394, -0.0806 0.6893 -1.9291, -0.0905 0.6969 -0.0394, -0.0905 0.6969 -1.9291, -0.0981 0.7069 -1.9291, -0.1058 0.7168 -0.0394, -0.1058 0.7168 -1.9291, -0.1109 0.7234 -1.9291, -0.1109 0.7234 -0.0394, -0.1125 0.7273 -1.9291, -0.128 0.7874 -0.0394, -0.1264 0.775 -1.9291, -0.1247 0.7625 -0.0394, -0.1247 0.7625 -1.9291, -0.1236 0.7543 -0.0394, -0.1236 0.7543 -1.9291, -0.1173 0.7389 -0.0394, -0.1221 0.7504 -1.9291, -0.1173 0.7389 -1.9291, -0.1247 0.8123 -0.0394, -0.1264 0.7998 -1.9291, -0.128 0.7874 -1.9291, -0.1173 0.8359 -1.9291, -0.1221 0.8244 -1.9291, -0.1236 0.8205 -0.0394, -0.1236 0.8205 -1.9291, -0.1247 0.8123 -1.9291, -0.1125 0.8475 -1.9291, -0.1173 0.8359 -0.0394, -0.1109 0.8514 -1.9291, -0.1109 0.8514 -0.0394, -0.1058 0.858 -1.9291, -0.1058 0.858 -0.0394, -0.0981 0.8679 -1.9291, -0.0905 0.8779 -0.0394, -0.0905 0.8779 -1.9291, -0.0806 0.8855 -1.9291, -0.0706 0.8931 -0.0394, -0.0706 0.8931 -1.9291, -0.064 0.8982 -1.9291, -0.064 0.8982 -0.0394, -0.0602 0.8998 -1.9291, -0.0001 0.9154 -0.0394, -0.0125 0.9137 -1.9291, -0.0249 0.9121 -0.0394, -0.0249 0.9121 -1.9291, -0.0332 0.911 -0.0394, -0.0332 0.911 -1.9291, -0.0486 0.9046 -0.0394, -0.037 0.9094 -1.9291, -0.0486 0.9046 -1.9291, 0.0248 0.9121 -0.0394, 0.0124 0.9137 -1.9291, -0.0001 0.9154 -1.9291, 0.0485 0.9046 -1.9291, 0.0369 0.9094 -1.9291, 0.0331 0.911 -0.0394, 0.0331 0.911 -1.9291, 0.0248 0.9121 -1.9291, 0.0601 0.8998 -1.9291, 0.0485 0.9046 -0.0394, 0.0639 0.8982 -1.9291, 0.0639 0.8982 -0.0394, 0.0705 0.8931 -1.9291, 0.0705 0.8931 -0.0394, 0.0805 0.8855 -1.9291, 0.0904 0.8779 -0.0394, 0.0904 0.8779 -1.9291, 0.098 0.8679 -1.9291, 0.1057 0.858 -0.0394, 0.1057 0.858 -1.9291, 0.1108 0.8514 -1.9291, 0.1108 0.8514 -0.0394, 0.1124 0.8475 -1.9291, 0.1279 0.7874 -1.9291, 0.1263 0.7998 -1.9291, 0.1246 0.8123 -0.0394, 0.1246 0.8123 -1.9291, 0.1235 0.8205 -0.0394, 0.1235 0.8205 -1.9291, 0.1172 0.8359 -0.0394, 0.122 0.8244 -1.9291, 0.1172 0.8359 -1.9291, -0.0494 0.861 -1.9685, -0.0338 0.8689 -1.9685, 0.0453 0.7113 -1.9685, 0.0846 0.7612 -1.9685, 0.0812 0.7538 -1.9685, 0.0756 0.7413 -1.9685, 0.0626 0.7248 -1.9685, 0.0253 0.7025 -1.9685, 0.0035 0.6989 -1.9685, -0.0625 0.8498 -1.9685, -0.0 0.6992 -1.9685, -0.0172 0.7005 -1.9685, -0.0338 0.706 -1.9685, -0.0381 0.7074 -1.9685, -0.0566 0.7192 -1.9685, -0.0622 0.7252 -1.9685, -0.0298 0.8709 -1.9685, 0.0881 0.7874 -1.9685, 0.0884 0.7829 -1.9685, -0.0082 0.8756 -1.9685, -0.0001 0.8754 -1.9685, 0.0868 0.8048 -1.9685, 0.0815 0.8212 -1.9685, 0.0336 0.7061 -1.9685, -0.0813 0.8211 -1.9685, -0.086 0.809 -1.9685, -0.0886 0.7874 -1.9685, -0.078 0.8295 -1.9685, -0.0652 0.8474 -1.9685, -0.0716 0.7351 -1.9685, -0.0819 0.7535 -1.9685, -0.0877 0.7747 -1.9685, 0.0135 0.875 -1.9685, 0.0338 0.8692 -1.9685, 0.0529 0.8584 -1.9685, 0.0621 0.8496 -1.9685, 0.0687 0.8433 -1.9685, 0.0804 0.8246 -1.9685, 0.1263 -0.7998 -1.9291, 0.1279 -0.7874 -0.0394, 0.1246 -0.8123 -0.0394, 0.1172 -0.8359 -1.9291, 0.122 -0.8244 -1.9291, 0.1235 -0.8205 -0.0394, 0.1235 -0.8205 -1.9291, 0.1246 -0.8123 -1.9291, 0.1124 -0.8475 -1.9291, 0.1172 -0.8359 -0.0394, 0.1108 -0.8514 -1.9291, 0.1108 -0.8514 -0.0394, 0.1057 -0.858 -1.9291, 0.1057 -0.858 -0.0394, 0.098 -0.8679 -1.9291, 0.0904 -0.8779 -0.0394, 0.0904 -0.8779 -1.9291, 0.0805 -0.8855 -1.9291, 0.0705 -0.8931 -0.0394, 0.0705 -0.8931 -1.9291, 0.0639 -0.8982 -1.9291, 0.0639 -0.8982 -0.0394, 0.0601 -0.8998 -1.9291, -0.0001 -0.9154 -0.0394, 0.0124 -0.9137 -1.9291, 0.0248 -0.9121 -0.0394, 0.0248 -0.9121 -1.9291, 0.0331 -0.911 -0.0394, 0.0331 -0.911 -1.9291, 0.0485 -0.9046 -0.0394, 0.0369 -0.9094 -1.9291, 0.0485 -0.9046 -1.9291, -0.0249 -0.9121 -0.0394, -0.0125 -0.9137 -1.9291, -0.0001 -0.9154 -1.9291, -0.0486 -0.9046 -1.9291, -0.037 -0.9094 -1.9291, -0.0332 -0.911 -0.0394, -0.0332 -0.911 -1.9291, -0.0249 -0.9121 -1.9291, -0.0602 -0.8998 -1.9291, -0.0486 -0.9046 -0.0394, -0.064 -0.8982 -1.9291, -0.064 -0.8982 -0.0394, -0.0706 -0.8931 -1.9291, -0.0706 -0.8931 -0.0394, -0.0806 -0.8855 -1.9291, -0.0905 -0.8779 -0.0394, -0.0905 -0.8779 -1.9291, -0.0981 -0.8679 -1.9291, -0.1058 -0.858 -0.0394, -0.1058 -0.858 -1.9291, -0.1109 -0.8514 -1.9291, -0.1109 -0.8514 -0.0394, -0.1125 -0.8475 -1.9291, -0.128 -0.7874 -0.0394, -0.1264 -0.7998 -1.9291, -0.1247 -0.8123 -0.0394, -0.1247 -0.8123 -1.9291, -0.1236 -0.8205 -0.0394, -0.1236 -0.8205 -1.9291, -0.1173 -0.8359 -0.0394, -0.1221 -0.8244 -1.9291, -0.1173 -0.8359 -1.9291, -0.1247 -0.7625 -0.0394, -0.1264 -0.775 -1.9291, -0.128 -0.7874 -1.9291, -0.1173 -0.7389 -1.9291, -0.1221 -0.7504 -1.9291, -0.1236 -0.7543 -0.0394, -0.1236 -0.7543 -1.9291, -0.1247 -0.7625 -1.9291, -0.1125 -0.7273 -1.9291, -0.1173 -0.7389 -0.0394, -0.1109 -0.7234 -1.9291, -0.1109 -0.7234 -0.0394, -0.1058 -0.7168 -1.9291, -0.1058 -0.7168 -0.0394, -0.0981 -0.7069 -1.9291, -0.0905 -0.6969 -0.0394, -0.0905 -0.6969 -1.9291, -0.0806 -0.6893 -1.9291, -0.0706 -0.6817 -0.0394, -0.0706 -0.6817 -1.9291, -0.064 -0.6766 -1.9291, -0.064 -0.6766 -0.0394, -0.0602 -0.675 -1.9291, -0.0001 -0.6594 -0.0394, -0.0125 -0.6611 -1.9291, -0.0249 -0.6627 -0.0394, -0.0249 -0.6627 -1.9291, -0.0332 -0.6638 -0.0394, -0.0332 -0.6638 -1.9291, -0.0486 -0.6702 -0.0394, -0.037 -0.6654 -1.9291, -0.0486 -0.6702 -1.9291, 0.0248 -0.6627 -0.0394, 0.0124 -0.6611 -1.9291, -0.0001 -0.6594 -1.9291, 0.0485 -0.6702 -1.9291, 0.0369 -0.6654 -1.9291, 0.0331 -0.6638 -0.0394, 0.0331 -0.6638 -1.9291, 0.0248 -0.6627 -1.9291, 0.0601 -0.675 -1.9291, 0.0485 -0.6702 -0.0394, 0.0639 -0.6766 -1.9291, 0.0639 -0.6766 -0.0394, 0.0705 -0.6817 -1.9291, 0.0705 -0.6817 -0.0394, 0.0805 -0.6893 -1.9291, 0.0904 -0.6969 -0.0394, 0.0904 -0.6969 -1.9291, 0.098 -0.7069 -1.9291, 0.1057 -0.7168 -0.0394, 0.1057 -0.7168 -1.9291, 0.1108 -0.7234 -1.9291, 0.1108 -0.7234 -0.0394, 0.1124 -0.7273 -1.9291, 0.1279 -0.7874 -1.9291, 0.1263 -0.775 -1.9291, 0.1246 -0.7625 -0.0394, 0.1246 -0.7625 -1.9291, 0.1235 -0.7543 -0.0394, 0.1235 -0.7543 -1.9291, 0.1172 -0.7389 -0.0394, 0.122 -0.7504 -1.9291, 0.1172 -0.7389 -1.9291, 0.0081 -0.8756 -1.9685, -0.0 -0.8754 -1.9685, -0.0454 -0.7113 -1.9685, 0.0337 -0.8689 -1.9685, 0.0621 -0.7252 -1.9685, 0.0493 -0.861 -1.9685, 0.0624 -0.8498 -1.9685, 0.0296 -0.8709 -1.9685, -0.0136 -0.875 -1.9685, -0.0339 -0.8692 -1.9685, -0.053 -0.8584 -1.9685, -0.0622 -0.8496 -1.9685, -0.0688 -0.8433 -1.9685, -0.0805 -0.8246 -1.9685, -0.0816 -0.8212 -1.9685, -0.0869 -0.8048 -1.9685, -0.0882 -0.7874 -1.9685, -0.0254 -0.7025 -1.9685, -0.0036 -0.6989 -1.9685, -0.0001 -0.6992 -1.9685, 0.0171 -0.7005 -1.9685, 0.0337 -0.706 -1.9685, 0.038 -0.7074 -1.9685, 0.0565 -0.7192 -1.9685, 0.0812 -0.8211 -1.9685, 0.0859 -0.809 -1.9685, 0.0885 -0.7874 -1.9685, 0.0779 -0.8295 -1.9685, 0.0651 -0.8474 -1.9685, -0.0813 -0.7538 -1.9685, -0.0627 -0.7248 -1.9685, -0.0757 -0.7413 -1.9685, -0.0337 -0.7061 -1.9685, 0.0715 -0.7351 -1.9685, 0.0818 -0.7535 -1.9685, 0.0876 -0.7747 -1.9685, -0.0885 -0.7829 -1.9685, -0.0847 -0.7612 -1.9685, -0.1264 0.8125 -0.0297, -0.0716 0.8945 -0.0297, 0.0251 0.9137 -0.0297, 0.107 0.8589 -0.0297, -0.1669 0.8989 0.0848, -0.1419 0.9293 0.0848, -0.1186 0.906 0.0472, -0.1115 0.9542 0.0848, -0.0768 0.9728 0.0848, -0.0642 0.9423 0.0472, -0.0392 0.9842 0.0848, -0.0001 0.9881 0.0848, -0.0001 0.9551 0.0472, 0.0391 0.9842 0.0848, 0.0767 0.9728 0.0848, 0.0641 0.9423 0.0472, 0.1114 0.9542 0.0848, 0.1418 0.9293 0.0848, 0.1185 0.906 0.0472, 0.1668 0.8989 0.0848, 0.1853 0.8642 0.0848, 0.1549 0.8516 0.0472, 0.1968 0.8265 0.0848, 0.2006 0.7874 0.0848, 0.1676 0.7874 0.0472, 0.1968 0.7483 0.0848, 0.1853 0.7106 0.0848, 0.1549 0.7232 0.0472, -0.1264 0.7623 -0.0297, -0.1288 0.7874 -0.0297, -0.324 0.7874 0.1575, -0.3152 0.7874 0.1567, -0.3228 0.7594 0.1575, -0.3091 0.7259 0.1567, -0.3221 0.7449 0.1575, -0.3176 0.7243 0.1575, -0.3101 0.6905 0.1575, -0.2912 0.6668 0.1567, -0.299 0.6636 0.1575, -0.2621 0.6123 0.1567, -0.2229 0.5646 0.1567, -0.2292 0.5582 0.1575, -0.2592 0.5915 0.1575, -0.2692 0.6075 0.1575, -0.2888 0.6387 0.1575, -0.0615 0.4783 0.1567, -0.0754 0.4714 0.1575, -0.1207 0.4962 0.1567, -0.1075 0.4821 0.1575, -0.1242 0.4877 0.1575, -0.1285 0.4891 0.1575, -0.1777 0.5154 0.1575, -0.1751 0.5254 0.1567, -0.1804 0.5175 0.1575, -0.2216 0.5499 0.1575, -0.0001 0.4723 0.1567, -0.0203 0.4632 0.1575, -0.0633 0.4696 0.1575, 0.0654 0.4704 0.1575, 0.0631 0.47 0.1575, 0.0614 0.4783 0.1567, 0.0357 0.4645 0.1575, -0.0001 0.4637 0.1575, 0.1206 0.4962 0.1567, 0.1239 0.4883 0.1575, 0.0903 0.4754 0.1575, 0.175 0.5254 0.1567, 0.2228 0.5646 0.1567, 0.2294 0.558 0.1575, 0.1905 0.5243 0.1575, 0.18 0.518 0.1575, 0.1426 0.4956 0.1575, 0.262 0.6123 0.1567, 0.2682 0.6041 0.1575, 0.2328 0.5609 0.1575, 0.309 0.7259 0.1567, 0.3175 0.7242 0.1575, 0.3143 0.7055 0.1575, 0.2911 0.6668 0.1567, 0.2993 0.6634 0.1575, 0.2955 0.6527 0.1575, 0.2698 0.6071 0.1575, 0.3237 0.7604 0.1575, 0.3151 0.7874 0.1567, 0.3248 0.7874 0.1575, -0.119 0.7381 -0.0297, -0.1071 0.7159 -0.0297, -0.0716 0.6803 -0.0297, -0.0493 0.6684 -0.0297, -0.0252 0.6611 -0.0297, -0.0911 0.6963 -0.0297, 0.1644 0.7547 0.0472, 0.0251 0.6611 -0.0297, 0.0492 0.6684 -0.0297, 0.0715 0.6803 -0.0297, -0.1316 0.7874 -0.0181, -0.129 0.7617 -0.0181, -0.1216 0.7371 -0.0181, -0.1094 0.7143 -0.0181, -0.0931 0.6944 -0.0181, -0.0731 0.678 -0.0181, -0.0504 0.6659 -0.0181, -0.0257 0.6584 -0.0181, -0.0001 0.6559 -0.0181, -0.0001 0.6586 -0.0297, 0.0256 0.6584 -0.0181, 0.0503 0.6659 -0.0181, 0.073 0.678 -0.0181, 0.093 0.6944 -0.0181, 0.091 0.6963 -0.0297, 0.1093 0.7143 -0.0181, 0.107 0.7159 -0.0297, 0.1215 0.7371 -0.0181, 0.1189 0.7381 -0.0297, 0.1289 0.7617 -0.0181, 0.1263 0.7623 -0.0297, 0.1644 0.8201 0.0472, 0.0931 0.9268 0.0472, 0.1394 0.8805 0.0472, 0.0327 0.9518 0.0472, -0.0328 0.9518 0.0472, -0.1854 0.8642 0.0848, -0.1395 0.8805 0.0472, -0.0932 0.9268 0.0472, -0.155 0.8516 0.0472, -0.1969 0.8265 0.0848, -0.1645 0.8201 0.0472, -0.2007 0.7874 0.0848, -0.1677 0.7874 0.0472, -0.1969 0.7483 0.0848, -0.1645 0.7547 0.0472, -0.1854 0.7106 0.0848, -0.155 0.7232 0.0472, -0.1669 0.6759 0.0848, -0.1395 0.6943 0.0472, -0.1419 0.6455 0.0848, -0.1186 0.6688 0.0472, -0.1115 0.6206 0.0848, -0.0932 0.648 0.0472, -0.0768 0.602 0.0848, -0.0642 0.6325 0.0472, -0.0392 0.5906 0.0848, -0.0328 0.623 0.0472, -0.0001 0.5867 0.0848, -0.0001 0.6197 0.0472, 0.0391 0.5906 0.0848, 0.0327 0.623 0.0472, 0.0767 0.602 0.0848, 0.0641 0.6325 0.0472, 0.1114 0.6206 0.0848, 0.0931 0.648 0.0472, 0.1418 0.6455 0.0848, 0.1185 0.6688 0.0472, 0.1668 0.6759 0.0848, 0.1394 0.6943 0.0472, 0.1332 0.7322 0.0113, 0.1414 0.7593 0.0113, 0.1339 0.7608 -0.0043, 0.1365 0.7874 -0.0043, 0.1315 0.7874 -0.0181, 0.1289 0.8131 -0.0181, 0.1287 0.7874 -0.0297, 0.1263 0.8125 -0.0297, 0.1441 0.7874 0.0113, 0.1414 0.8155 0.0113, 0.1339 0.814 -0.0043, 0.1261 0.8397 -0.0043, 0.1215 0.8377 -0.0181, 0.1093 0.8605 -0.0181, 0.1189 0.8367 -0.0297, 0.1332 0.8426 0.0113, 0.1198 0.8675 0.0113, 0.1135 0.8633 -0.0043, 0.0965 0.884 -0.0043, 0.093 0.8804 -0.0181, 0.073 0.8968 -0.0181, 0.091 0.8785 -0.0297, 0.0715 0.8945 -0.0297, 0.1019 0.8894 0.0113, 0.0801 0.9073 0.0113, 0.0758 0.9009 -0.0043, 0.0522 0.9136 -0.0043, 0.0503 0.9089 -0.0181, 0.0256 0.9164 -0.0181, 0.0492 0.9064 -0.0297, -0.1333 0.8426 0.0113, -0.134 0.814 -0.0043, -0.1415 0.8155 0.0113, -0.1366 0.7874 -0.0043, -0.1442 0.7874 0.0113, -0.134 0.7608 -0.0043, -0.1415 0.7593 0.0113, -0.1262 0.7351 -0.0043, -0.1333 0.7322 0.0113, -0.1136 0.7115 -0.0043, -0.1199 0.7073 0.0113, -0.0966 0.6908 -0.0043, -0.102 0.6854 0.0113, -0.0759 0.6739 -0.0043, -0.0802 0.6675 0.0113, -0.0523 0.6612 -0.0043, -0.0552 0.6542 0.0113, -0.0267 0.6535 -0.0043, -0.0282 0.646 0.0113, -0.0001 0.6508 -0.0043, -0.0001 0.6432 0.0113, 0.0266 0.6535 -0.0043, 0.0281 0.646 0.0113, 0.0522 0.6612 -0.0043, 0.0551 0.6542 0.0113, 0.0758 0.6739 -0.0043, 0.0801 0.6675 0.0113, 0.0965 0.6908 -0.0043, 0.1019 0.6854 0.0113, 0.1135 0.7115 -0.0043, 0.1198 0.7073 0.0113, 0.1261 0.7351 -0.0043, 0.0551 0.9206 0.0113, 0.0281 0.9288 0.0113, 0.0266 0.9213 -0.0043, -0.0001 0.924 -0.0043, -0.0001 0.9189 -0.0181, -0.0257 0.9164 -0.0181, -0.0001 0.9162 -0.0297, -0.0252 0.9137 -0.0297, -0.0001 0.9316 0.0113, -0.0282 0.9288 0.0113, -0.0267 0.9213 -0.0043, -0.0523 0.9136 -0.0043, -0.0504 0.9089 -0.0181, -0.0731 0.8968 -0.0181, -0.0493 0.9064 -0.0297, -0.0552 0.9206 0.0113, -0.0802 0.9073 0.0113, -0.0759 0.9009 -0.0043, -0.0966 0.884 -0.0043, -0.0931 0.8804 -0.0181, -0.1094 0.8605 -0.0181, -0.0911 0.8785 -0.0297, -0.1071 0.8589 -0.0297, -0.102 0.8894 0.0113, -0.1199 0.8675 0.0113, -0.1136 0.8633 -0.0043, -0.1262 0.8397 -0.0043, -0.1216 0.8377 -0.0181, -0.129 0.8131 -0.0181, -0.119 0.8367 -0.0297, 0.32 0.8432 0.1575, 0.309 0.8489 0.1567, 0.318 0.8506 0.1575, 0.3057 0.8971 0.1575, 0.2911 0.908 0.1567, 0.2992 0.9113 0.1575, 0.2823 0.948 0.1575, 0.262 0.9625 0.1567, 0.2691 0.9672 0.1575, 0.2507 0.9939 0.1575, 0.2228 1.0102 0.1567, 0.2288 1.0163 0.1575, 0.175 1.0494 0.1567, 0.1798 1.0567 0.1575, 0.2115 1.0339 0.1575, 0.1206 1.0786 0.1567, 0.0614 1.0965 0.1567, 0.0654 1.1053 0.1575, 0.1158 1.0909 0.1575, 0.124 1.0869 0.1575, 0.1662 1.0665 0.1575, -0.0001 1.1025 0.1567, 0.0066 1.1121 0.1575, 0.0621 1.1063 0.1575, -0.0615 1.0965 0.1567, -0.0492 1.1085 0.1575, -0.0 1.1117 0.1575, -0.1239 1.0864 0.1575, -0.1075 1.0936 0.1575, -0.1207 1.0786 0.1567, -0.1033 1.0954 0.1575, -0.0632 1.1051 0.1575, -0.1548 1.073 0.1575, -0.1751 1.0494 0.1567, -0.1799 1.0565 0.1575, -0.2229 1.0102 0.1567, -0.2621 0.9625 0.1567, -0.2696 0.9675 0.1575, -0.2421 1.004 0.1575, -0.229 1.0163 0.1575, -0.2013 1.0424 0.1575, -0.3091 0.8489 0.1567, -0.3175 0.8562 0.1575, -0.2912 0.908 0.1567, -0.301 0.9096 0.1575, -0.2756 0.9594 0.1575, -0.3246 0.8009 0.1575, -0.3228 0.8152 0.1575, -0.3182 0.8507 0.1575, -0.2977 0.8466 0.1539, -0.2804 0.9035 0.1539, -0.2524 0.956 0.1539, -0.2146 1.002 0.1539, -0.1686 1.0397 0.1539, -0.1162 1.0678 0.1539, -0.0593 1.085 0.1539, -0.0001 1.0909 0.1539, 0.0592 1.085 0.1539, 0.1161 1.0678 0.1539, 0.1685 1.0397 0.1539, 0.2145 1.002 0.1539, 0.2523 0.956 0.1539, 0.2803 0.9035 0.1539, 0.2976 0.8466 0.1539, 0.3034 0.7874 0.1539, 0.2976 0.7282 0.1539, 0.2803 0.6713 0.1539, 0.2523 0.6188 0.1539, 0.2145 0.5728 0.1539, 0.1685 0.5351 0.1539, 0.1161 0.507 0.1539, 0.0592 0.4898 0.1539, -0.0001 0.4839 0.1539, -0.0593 0.4898 0.1539, -0.1162 0.507 0.1539, -0.1686 0.5351 0.1539, -0.2146 0.5728 0.1539, -0.2524 0.6188 0.1539, -0.2804 0.6713 0.1539, -0.2977 0.7282 0.1539, -0.3035 0.7874 0.1539, -0.2337 0.8339 0.1178, -0.2689 0.8409 0.1412, -0.2202 0.8786 0.1178, -0.2533 0.8923 0.1412, -0.1982 0.9198 0.1178, -0.228 0.9397 0.1412, -0.1685 0.9559 0.1178, -0.1939 0.9812 0.1412, -0.1324 0.9855 0.1178, -0.1523 1.0153 0.1412, -0.0912 1.0075 0.1178, -0.1049 1.0406 0.1412, -0.0465 1.0211 0.1178, -0.0535 1.0562 0.1412, -0.0001 1.0257 0.1178, -0.0001 1.0615 0.1412, 0.0464 1.0211 0.1178, 0.0534 1.0562 0.1412, 0.0911 1.0075 0.1178, 0.1048 1.0406 0.1412, 0.1323 0.9855 0.1178, 0.1522 1.0153 0.1412, 0.1684 0.9559 0.1178, 0.1938 0.9812 0.1412, 0.1981 0.9198 0.1178, 0.2279 0.9397 0.1412, 0.2201 0.8786 0.1178, 0.2532 0.8923 0.1412, 0.2336 0.8339 0.1178, 0.2688 0.8409 0.1412, 0.2382 0.7874 0.1178, 0.2741 0.7874 0.1412, 0.2336 0.7409 0.1178, 0.2688 0.7339 0.1412, 0.2201 0.6962 0.1178, 0.2532 0.6825 0.1412, 0.1981 0.655 0.1178, 0.2279 0.6351 0.1412, 0.1684 0.6189 0.1178, 0.1938 0.5936 0.1412, 0.1323 0.5893 0.1178, 0.1522 0.5595 0.1412, 0.0911 0.5673 0.1178, 0.1048 0.5342 0.1412, 0.0464 0.5537 0.1178, 0.0534 0.5186 0.1412, -0.0001 0.5491 0.1178, -0.0001 0.5133 0.1412, -0.0465 0.5537 0.1178, -0.0535 0.5186 0.1412, -0.0912 0.5673 0.1178, -0.1049 0.5342 0.1412, -0.1324 0.5893 0.1178, -0.1523 0.5595 0.1412, -0.1685 0.6189 0.1178, -0.1939 0.5936 0.1412, -0.1982 0.655 0.1178, -0.228 0.6351 0.1412, -0.2202 0.6962 0.1178, -0.2533 0.6825 0.1412, -0.2337 0.7409 0.1178, -0.2689 0.7339 0.1412, -0.2383 0.7874 0.1178, -0.2742 0.7874 0.1412, -0.1264 -0.7623 -0.0297, -0.0716 -0.6803 -0.0297, 0.0251 -0.6611 -0.0297, 0.107 -0.7159 -0.0297, -0.1669 -0.6759 0.0848, -0.1419 -0.6455 0.0848, -0.1186 -0.6688 0.0472, -0.1115 -0.6206 0.0848, -0.0768 -0.602 0.0848, -0.0642 -0.6325 0.0472, -0.0392 -0.5906 0.0848, -0.0001 -0.5867 0.0848, -0.0001 -0.6197 0.0472, 0.0391 -0.5906 0.0848, 0.0767 -0.602 0.0848, 0.0641 -0.6325 0.0472, 0.1114 -0.6206 0.0848, 0.1418 -0.6455 0.0848, 0.1185 -0.6688 0.0472, 0.1668 -0.6759 0.0848, 0.1853 -0.7106 0.0848, 0.1549 -0.7232 0.0472, 0.1968 -0.7483 0.0848, 0.2006 -0.7874 0.0848, 0.1676 -0.7874 0.0472, 0.1968 -0.8265 0.0848, 0.1853 -0.8642 0.0848, 0.1549 -0.8516 0.0472, -0.1264 -0.8125 -0.0297, -0.1288 -0.7874 -0.0297, -0.324 -0.7874 0.1575, -0.3152 -0.7874 0.1567, -0.3228 -0.8154 0.1575, -0.3091 -0.8489 0.1567, -0.3221 -0.8299 0.1575, -0.3176 -0.8505 0.1575, -0.3101 -0.8843 0.1575, -0.2912 -0.908 0.1567, -0.299 -0.9113 0.1575, -0.2621 -0.9625 0.1567, -0.2229 -1.0102 0.1567, -0.2292 -1.0166 0.1575, -0.2592 -0.9833 0.1575, -0.2692 -0.9673 0.1575, -0.2888 -0.9361 0.1575, -0.0615 -1.0965 0.1567, -0.0754 -1.1034 0.1575, -0.1207 -1.0786 0.1567, -0.1075 -1.0927 0.1575, -0.1242 -1.0871 0.1575, -0.1285 -1.0857 0.1575, -0.1777 -1.0594 0.1575, -0.1751 -1.0494 0.1567, -0.1804 -1.0573 0.1575, -0.2216 -1.0249 0.1575, -0.0001 -1.1025 0.1567, -0.0203 -1.1116 0.1575, -0.0633 -1.1052 0.1575, 0.0654 -1.1044 0.1575, 0.0631 -1.1048 0.1575, 0.0614 -1.0965 0.1567, 0.0357 -1.1103 0.1575, -0.0001 -1.1111 0.1575, 0.1206 -1.0786 0.1567, 0.1239 -1.0865 0.1575, 0.0903 -1.0994 0.1575, 0.175 -1.0494 0.1567, 0.2228 -1.0102 0.1567, 0.2294 -1.0168 0.1575, 0.1905 -1.0505 0.1575, 0.18 -1.0568 0.1575, 0.1426 -1.0792 0.1575, 0.262 -0.9625 0.1567, 0.2682 -0.9707 0.1575, 0.2328 -1.0139 0.1575, 0.309 -0.8489 0.1567, 0.3175 -0.8506 0.1575, 0.3143 -0.8693 0.1575, 0.2911 -0.908 0.1567, 0.2993 -0.9114 0.1575, 0.2955 -0.9221 0.1575, 0.2698 -0.9677 0.1575, 0.3237 -0.8144 0.1575, 0.3151 -0.7874 0.1567, 0.3248 -0.7874 0.1575, -0.119 -0.8367 -0.0297, -0.1071 -0.8589 -0.0297, -0.0716 -0.8945 -0.0297, -0.0493 -0.9064 -0.0297, -0.0252 -0.9137 -0.0297, -0.0911 -0.8785 -0.0297, 0.1644 -0.8201 0.0472, 0.0251 -0.9137 -0.0297, 0.0492 -0.9064 -0.0297, 0.0715 -0.8945 -0.0297, -0.1316 -0.7874 -0.0181, -0.129 -0.8131 -0.0181, -0.1216 -0.8377 -0.0181, -0.1094 -0.8605 -0.0181, -0.0931 -0.8804 -0.0181, -0.0731 -0.8968 -0.0181, -0.0504 -0.9089 -0.0181, -0.0257 -0.9164 -0.0181, -0.0001 -0.9189 -0.0181, -0.0001 -0.9162 -0.0297, 0.0256 -0.9164 -0.0181, 0.0503 -0.9089 -0.0181, 0.073 -0.8968 -0.0181, 0.093 -0.8804 -0.0181, 0.091 -0.8785 -0.0297, 0.1093 -0.8605 -0.0181, 0.107 -0.8589 -0.0297, 0.1215 -0.8377 -0.0181, 0.1189 -0.8367 -0.0297, 0.1289 -0.8131 -0.0181, 0.1263 -0.8125 -0.0297, 0.1644 -0.7547 0.0472, 0.0931 -0.648 0.0472, 0.1394 -0.6943 0.0472, 0.0327 -0.623 0.0472, -0.0328 -0.623 0.0472, -0.1854 -0.7106 0.0848, -0.1395 -0.6943 0.0472, -0.0932 -0.648 0.0472, -0.155 -0.7232 0.0472, -0.1969 -0.7483 0.0848, -0.1645 -0.7547 0.0472, -0.2007 -0.7874 0.0848, -0.1677 -0.7874 0.0472, -0.1969 -0.8265 0.0848, -0.1645 -0.8201 0.0472, -0.1854 -0.8642 0.0848, -0.155 -0.8516 0.0472, -0.1669 -0.8989 0.0848, -0.1395 -0.8805 0.0472, -0.1419 -0.9293 0.0848, -0.1186 -0.906 0.0472, -0.1115 -0.9542 0.0848, -0.0932 -0.9268 0.0472, -0.0768 -0.9728 0.0848, -0.0642 -0.9423 0.0472, -0.0392 -0.9842 0.0848, -0.0328 -0.9518 0.0472, -0.0001 -0.9881 0.0848, -0.0001 -0.9551 0.0472, 0.0391 -0.9842 0.0848, 0.0327 -0.9518 0.0472, 0.0767 -0.9728 0.0848, 0.0641 -0.9423 0.0472, 0.1114 -0.9542 0.0848, 0.0931 -0.9268 0.0472, 0.1418 -0.9293 0.0848, 0.1185 -0.906 0.0472, 0.1668 -0.8989 0.0848, 0.1394 -0.8805 0.0472, 0.1332 -0.8426 0.0113, 0.1414 -0.8155 0.0113, 0.1339 -0.814 -0.0043, 0.1365 -0.7874 -0.0043, 0.1315 -0.7874 -0.0181, 0.1289 -0.7617 -0.0181, 0.1287 -0.7874 -0.0297, 0.1263 -0.7623 -0.0297, 0.1441 -0.7874 0.0113, 0.1414 -0.7593 0.0113, 0.1339 -0.7608 -0.0043, 0.1261 -0.7351 -0.0043, 0.1215 -0.7371 -0.0181, 0.1093 -0.7143 -0.0181, 0.1189 -0.7381 -0.0297, 0.1332 -0.7322 0.0113, 0.1198 -0.7073 0.0113, 0.1135 -0.7115 -0.0043, 0.0965 -0.6908 -0.0043, 0.093 -0.6944 -0.0181, 0.073 -0.678 -0.0181, 0.091 -0.6963 -0.0297, 0.0715 -0.6803 -0.0297, 0.1019 -0.6854 0.0113, 0.0801 -0.6675 0.0113, 0.0758 -0.6739 -0.0043, 0.0522 -0.6612 -0.0043, 0.0503 -0.6659 -0.0181, 0.0256 -0.6584 -0.0181, 0.0492 -0.6684 -0.0297, -0.1333 -0.7322 0.0113, -0.134 -0.7608 -0.0043, -0.1415 -0.7593 0.0113, -0.1366 -0.7874 -0.0043, -0.1442 -0.7874 0.0113, -0.134 -0.814 -0.0043, -0.1415 -0.8155 0.0113, -0.1262 -0.8397 -0.0043, -0.1333 -0.8426 0.0113, -0.1136 -0.8633 -0.0043, -0.1199 -0.8675 0.0113, -0.0966 -0.884 -0.0043, -0.102 -0.8894 0.0113, -0.0759 -0.9009 -0.0043, -0.0802 -0.9073 0.0113, -0.0523 -0.9136 -0.0043, -0.0552 -0.9206 0.0113, -0.0267 -0.9213 -0.0043, -0.0282 -0.9288 0.0113, -0.0001 -0.924 -0.0043, -0.0001 -0.9316 0.0113, 0.0266 -0.9213 -0.0043, 0.0281 -0.9288 0.0113, 0.0522 -0.9136 -0.0043, 0.0551 -0.9206 0.0113, 0.0758 -0.9009 -0.0043, 0.0801 -0.9073 0.0113, 0.0965 -0.884 -0.0043, 0.1019 -0.8894 0.0113, 0.1135 -0.8633 -0.0043, 0.1198 -0.8675 0.0113, 0.1261 -0.8397 -0.0043, 0.0551 -0.6542 0.0113, 0.0281 -0.646 0.0113, 0.0266 -0.6535 -0.0043, -0.0001 -0.6508 -0.0043, -0.0001 -0.6559 -0.0181, -0.0257 -0.6584 -0.0181, -0.0001 -0.6586 -0.0297, -0.0252 -0.6611 -0.0297, -0.0001 -0.6432 0.0113, -0.0282 -0.646 0.0113, -0.0267 -0.6535 -0.0043, -0.0523 -0.6612 -0.0043, -0.0504 -0.6659 -0.0181, -0.0731 -0.678 -0.0181, -0.0493 -0.6684 -0.0297, -0.0552 -0.6542 0.0113, -0.0802 -0.6675 0.0113, -0.0759 -0.6739 -0.0043, -0.0966 -0.6908 -0.0043, -0.0931 -0.6944 -0.0181, -0.1094 -0.7143 -0.0181, -0.0911 -0.6963 -0.0297, -0.1071 -0.7159 -0.0297, -0.102 -0.6854 0.0113, -0.1199 -0.7073 0.0113, -0.1136 -0.7115 -0.0043, -0.1262 -0.7351 -0.0043, -0.1216 -0.7371 -0.0181, -0.129 -0.7617 -0.0181, -0.119 -0.7381 -0.0297, 0.32 -0.7316 0.1575, 0.309 -0.7259 0.1567, 0.318 -0.7242 0.1575, 0.3057 -0.6777 0.1575, 0.2911 -0.6668 0.1567, 0.2992 -0.6635 0.1575, 0.2823 -0.6268 0.1575, 0.262 -0.6123 0.1567, 0.2691 -0.6076 0.1575, 0.2507 -0.5809 0.1575, 0.2228 -0.5646 0.1567, 0.2288 -0.5585 0.1575, 0.175 -0.5254 0.1567, 0.1798 -0.5181 0.1575, 0.2115 -0.5409 0.1575, 0.1206 -0.4962 0.1567, 0.0614 -0.4783 0.1567, 0.0654 -0.4695 0.1575, 0.1158 -0.484 0.1575, 0.124 -0.4879 0.1575, 0.1662 -0.5083 0.1575, -0.0001 -0.4723 0.1567, 0.0066 -0.4627 0.1575, 0.0621 -0.4685 0.1575, -0.0615 -0.4783 0.1567, -0.0492 -0.4663 0.1575, -0.0 -0.4631 0.1575, -0.1239 -0.4884 0.1575, -0.1075 -0.4812 0.1575, -0.1207 -0.4962 0.1567, -0.1033 -0.4794 0.1575, -0.0632 -0.4697 0.1575, -0.1548 -0.5018 0.1575, -0.1751 -0.5254 0.1567, -0.1799 -0.5183 0.1575, -0.2229 -0.5646 0.1567, -0.2621 -0.6123 0.1567, -0.2696 -0.6073 0.1575, -0.2421 -0.5708 0.1575, -0.229 -0.5585 0.1575, -0.2013 -0.5324 0.1575, -0.3091 -0.7259 0.1567, -0.3175 -0.7186 0.1575, -0.2912 -0.6668 0.1567, -0.301 -0.6652 0.1575, -0.2756 -0.6154 0.1575, -0.3246 -0.7739 0.1575, -0.3228 -0.7596 0.1575, -0.3182 -0.7241 0.1575, -0.2977 -0.7282 0.1539, -0.2804 -0.6713 0.1539, -0.2524 -0.6188 0.1539, -0.2146 -0.5728 0.1539, -0.1686 -0.5351 0.1539, -0.1162 -0.507 0.1539, -0.0593 -0.4898 0.1539, -0.0001 -0.4839 0.1539, 0.0592 -0.4898 0.1539, 0.1161 -0.507 0.1539, 0.1685 -0.5351 0.1539, 0.2145 -0.5728 0.1539, 0.2523 -0.6188 0.1539, 0.2803 -0.6713 0.1539, 0.2976 -0.7282 0.1539, 0.3034 -0.7874 0.1539, 0.2976 -0.8466 0.1539, 0.2803 -0.9035 0.1539, 0.2523 -0.956 0.1539, 0.2145 -1.002 0.1539, 0.1685 -1.0397 0.1539, 0.1161 -1.0678 0.1539, 0.0592 -1.085 0.1539, -0.0001 -1.0909 0.1539, -0.0593 -1.085 0.1539, -0.1162 -1.0678 0.1539, -0.1686 -1.0397 0.1539, -0.2146 -1.002 0.1539, -0.2524 -0.956 0.1539, -0.2804 -0.9035 0.1539, -0.2977 -0.8466 0.1539, -0.3035 -0.7874 0.1539, -0.2337 -0.7409 0.1178, -0.2689 -0.7339 0.1412, -0.2202 -0.6962 0.1178, -0.2533 -0.6825 0.1412, -0.1982 -0.655 0.1178, -0.228 -0.6351 0.1412, -0.1685 -0.6189 0.1178, -0.1939 -0.5936 0.1412, -0.1324 -0.5893 0.1178, -0.1523 -0.5595 0.1412, -0.0912 -0.5673 0.1178, -0.1049 -0.5342 0.1412, -0.0465 -0.5537 0.1178, -0.0535 -0.5186 0.1412, -0.0001 -0.5491 0.1178, -0.0001 -0.5133 0.1412, 0.0464 -0.5537 0.1178, 0.0534 -0.5186 0.1412, 0.0911 -0.5673 0.1178, 0.1048 -0.5342 0.1412, 0.1323 -0.5893 0.1178, 0.1522 -0.5595 0.1412, 0.1684 -0.6189 0.1178, 0.1938 -0.5936 0.1412, 0.1981 -0.655 0.1178, 0.2279 -0.6351 0.1412, 0.2201 -0.6962 0.1178, 0.2532 -0.6825 0.1412, 0.2336 -0.7409 0.1178, 0.2688 -0.7339 0.1412, 0.2382 -0.7874 0.1178, 0.2741 -0.7874 0.1412, 0.2336 -0.8339 0.1178, 0.2688 -0.8409 0.1412, 0.2201 -0.8786 0.1178, 0.2532 -0.8923 0.1412, 0.1981 -0.9198 0.1178, 0.2279 -0.9397 0.1412, 0.1684 -0.9559 0.1178, 0.1938 -0.9812 0.1412, 0.1323 -0.9855 0.1178, 0.1522 -1.0153 0.1412, 0.0911 -1.0075 0.1178, 0.1048 -1.0406 0.1412, 0.0464 -1.0211 0.1178, 0.0534 -1.0562 0.1412, -0.0001 -1.0257 0.1178, -0.0001 -1.0615 0.1412, -0.0465 -1.0211 0.1178, -0.0535 -1.0562 0.1412, -0.0912 -1.0075 0.1178, -0.1049 -1.0406 0.1412, -0.1324 -0.9855 0.1178, -0.1523 -1.0153 0.1412, -0.1685 -0.9559 0.1178, -0.1939 -0.9812 0.1412, -0.1982 -0.9198 0.1178, -0.228 -0.9397 0.1412, -0.2202 -0.8786 0.1178, -0.2533 -0.8923 0.1412, -0.2337 -0.8339 0.1178, -0.2689 -0.8409 0.1412, -0.2383 -0.7874 0.1178, -0.2742 -0.7874 0.1412, -0.0887 -0.7874 -1.9685, -0.122 -0.7505 -1.9291, -0.0905 -0.6969 -1.9292, -0.0601 -0.6751 -1.9291, -0.0001 -0.6595 -1.9292, 0.0369 -0.6655 -1.9291, 0.0904 -0.6969 -1.9292, 0.1123 -0.7273 -1.9291, 0.1279 -0.7874 -1.9292, -0.0258 -0.7025 -1.9685, 0.0782 -0.8292 -1.9685, 0.0521 -0.8655 -1.9647, 0.0359 -0.8742 -1.9647, 0.0344 -0.8707 -1.9677, -0.0686 -0.8437 -1.9685, -0.0214 -0.8949 -1.9501, -0.042 -0.8886 -1.9501, -0.036 -0.8742 -1.9647, 0.1219 -0.8243 -1.9291, 0.0904 -0.8779 -1.9292, 0.06 -0.8997 -1.9291, -0.0001 -0.9153 -1.9292, -0.037 -0.9093 -1.9291, -0.0905 -0.8779 -1.9292, -0.1124 -0.8475 -1.9291, -0.128 -0.7874 -1.9292, -0.1279 -0.7874 -1.9293, -0.122 -0.8243 -1.9291, -0.1129 -0.8477 -1.9293, -0.1181 -0.8363 -1.9297, -0.1225 -0.8245 -1.9293, -0.1254 -0.8123 -1.9297, -0.1278 -0.7874 -1.9297, -0.1063 -0.8584 -1.9297, -0.0904 -0.8778 -1.9297, -0.0601 -0.8997 -1.9291, -0.0905 -0.8778 -1.9293, -0.0372 -0.9098 -1.9293, -0.071 -0.8936 -1.9297, -0.0603 -0.9002 -1.9293, -0.0489 -0.9055 -1.9297, -0.025 -0.9127 -1.9297, -0.0001 -0.9152 -1.9297, 0.0369 -0.9093 -1.9291, -0.0001 -0.9153 -1.9293, 0.0602 -0.9002 -1.9293, 0.0249 -0.9127 -1.9297, 0.0371 -0.9098 -1.9293, 0.0488 -0.9055 -1.9297, 0.0709 -0.8936 -1.9297, 0.0903 -0.8778 -1.9297, 0.1123 -0.8475 -1.9291, 0.0904 -0.8778 -1.9293, 0.1223 -0.8245 -1.9293, 0.1062 -0.8584 -1.9297, 0.1128 -0.8477 -1.9293, 0.118 -0.8363 -1.9297, 0.1253 -0.8123 -1.9297, 0.1277 -0.7874 -1.9297, -0.0833 -0.8219 -1.9677, -0.0902 -0.7874 -1.9677, -0.0824 -0.8215 -1.9683, -0.0892 -0.7874 -1.9683, -0.0821 -0.8214 -1.9685, -0.0889 -0.7874 -1.9685, -0.0783 -0.8292 -1.9685, -0.0738 -0.8367 -1.9685, -0.0802 -0.8253 -1.9685, -0.0665 -0.8538 -1.9647, -0.0782 -0.8396 -1.9647, -0.0869 -0.8234 -1.9647, -0.0529 -0.8586 -1.9685, -0.0628 -0.8502 -1.9685, -0.0563 -0.856 -1.9685, -0.0627 -0.8501 -1.9685, -0.0342 -0.8697 -1.9683, -0.034 -0.8694 -1.9685, -0.0001 -0.8762 -1.9685, 0.0183 -0.8796 -1.9647, -0.0001 -0.8814 -1.9647, -0.0001 -0.8775 -1.9677, -0.0184 -0.8796 -1.9647, -0.087 -0.8047 -1.9685, -0.0819 -0.8213 -1.9685, -0.0493 -0.8611 -1.9685, -0.0631 -0.8504 -1.9683, -0.0638 -0.8511 -1.9677, -0.0001 -0.897 -1.9501, 0.0213 -0.8949 -1.9501, -0.0087 -0.8757 -1.9685, -0.0 -0.876 -1.9685, 0.0086 -0.8757 -1.9685, 0.0339 -0.8694 -1.9685, -0.0001 -0.8765 -1.9683, -0.0345 -0.8707 -1.9677, -0.0522 -0.8655 -1.9647, 0.0341 -0.8697 -1.9683, 0.0627 -0.8502 -1.9685, 0.0257 -0.8723 -1.9685, 0.0172 -0.8744 -1.9685, 0.0823 -0.8215 -1.9683, 0.0832 -0.8219 -1.9677, 0.0637 -0.8511 -1.9677, 0.0781 -0.8396 -1.9647, 0.0664 -0.8538 -1.9647, 0.0685 -0.8437 -1.9685, 0.0737 -0.8367 -1.9685, 0.0657 -0.847 -1.9685, 0.082 -0.8214 -1.9685, 0.063 -0.8504 -1.9683, 0.086 -0.8089 -1.9685, 0.0848 -0.8131 -1.9685, 0.0818 -0.8213 -1.9685, 0.0298 -0.8709 -1.9685, 0.0339 -0.8693 -1.9685, 0.0492 -0.8611 -1.9685, 0.0626 -0.8501 -1.9685, 0.0939 -0.7874 -1.9647, 0.0921 -0.8057 -1.9647, 0.0868 -0.8234 -1.9647, 0.0419 -0.8886 -1.9501, 0.0608 -0.8785 -1.9501, 0.0774 -0.8649 -1.9501, 0.091 -0.8483 -1.9501, 0.1012 -0.8293 -1.9501, 0.1074 -0.8088 -1.9501, 0.1095 -0.7874 -1.9501, 0.1074 -0.766 -1.9501, -0.034 -0.8693 -1.9685, -0.0173 -0.8744 -1.9685, -0.0131 -0.8751 -1.9685, 0.0419 -0.6862 -1.9501, 0.0359 -0.7006 -1.9647, 0.0213 -0.6799 -1.9501, 0.0183 -0.6953 -1.9647, 0.0608 -0.6963 -1.9501, 0.0521 -0.7093 -1.9647, 0.0774 -0.7099 -1.9501, 0.091 -0.7265 -1.9501, 0.0781 -0.7352 -1.9647, -0.0214 -0.6799 -1.9501, -0.0184 -0.6953 -1.9647, -0.042 -0.6862 -1.9501, -0.036 -0.7006 -1.9647, -0.0609 -0.6963 -1.9501, 0.0344 -0.7041 -1.9677, 0.0664 -0.721 -1.9647, 0.0637 -0.7237 -1.9677, 0.0891 -0.7874 -1.9683, 0.0888 -0.7874 -1.9685, 0.082 -0.7534 -1.9685, 0.1012 -0.7455 -1.9501, 0.0921 -0.7691 -1.9647, 0.0868 -0.7514 -1.9647, 0.0901 -0.7874 -1.9677, 0.0832 -0.7529 -1.9677, 0.0823 -0.7533 -1.9683, 0.0627 -0.7246 -1.9685, 0.0886 -0.7874 -1.9685, 0.0685 -0.7311 -1.9685, 0.0626 -0.7247 -1.9685, 0.0562 -0.7189 -1.9685, 0.0339 -0.7054 -1.9685, 0.063 -0.7244 -1.9683, 0.0341 -0.7051 -1.9683, -0.0001 -0.6986 -1.9685, 0.0418 -0.7092 -1.9685, 0.0492 -0.7137 -1.9685, 0.0712 -0.7346 -1.9685, 0.0737 -0.7381 -1.9685, 0.0819 -0.7535 -1.9685, -0.0775 -0.7099 -1.9501, -0.0522 -0.7093 -1.9647, -0.0345 -0.7041 -1.9677, -0.0833 -0.7529 -1.9677, -0.0869 -0.7514 -1.9647, -0.0782 -0.7352 -1.9647, -0.034 -0.7054 -1.9685, -0.0342 -0.7051 -1.9683, -0.0001 -0.6983 -1.9683, -0.0001 -0.6973 -1.9677, -0.0001 -0.6934 -1.9647, -0.0001 -0.6778 -1.9501, -0.0087 -0.6992 -1.9685, -0.0173 -0.7004 -1.9685, -0.0044 -0.6988 -1.9685, -0.0456 -0.7113 -1.9685, -0.0419 -0.7092 -1.9685, -0.034 -0.7055 -1.9685, 0.0379 -0.7072 -1.9685, 0.0339 -0.7055 -1.9685, 0.0172 -0.7004 -1.9685, -0.0001 -0.6988 -1.9685, -0.0665 -0.721 -1.9647, -0.0638 -0.7237 -1.9677, -0.0631 -0.7244 -1.9683, -0.0628 -0.7246 -1.9685, -0.0821 -0.7534 -1.9685, -0.0783 -0.7456 -1.9685, -0.0819 -0.7535 -1.9685, -0.0849 -0.7617 -1.9685, -0.087 -0.7701 -1.9685, -0.0883 -0.7787 -1.9685, -0.0886 -0.7831 -1.9685, -0.0627 -0.7247 -1.9685, -0.0738 -0.7381 -1.9685, -0.0761 -0.7418 -1.9685, -0.0493 -0.7137 -1.9685, -0.0922 -0.8057 -1.9647, -0.094 -0.7874 -1.9647, -0.0922 -0.7691 -1.9647, -0.0824 -0.7533 -1.9683, -0.0911 -0.7265 -1.9501, -0.1013 -0.7455 -1.9501, -0.1075 -0.766 -1.9501, -0.1096 -0.7874 -1.9501, -0.1075 -0.8088 -1.9501, -0.1013 -0.8293 -1.9501, -0.0911 -0.8483 -1.9501, -0.0775 -0.8649 -1.9501, -0.0609 -0.8785 -1.9501, 0.1278 -0.7874 -1.9293, 0.1219 -0.7505 -1.9291, 0.1253 -0.7625 -1.9297, 0.1223 -0.7503 -1.9293, 0.118 -0.7385 -1.9297, 0.1128 -0.7271 -1.9293, 0.1062 -0.7164 -1.9297, 0.0903 -0.697 -1.9297, 0.0904 -0.697 -1.9293, 0.06 -0.6751 -1.9291, 0.0709 -0.6812 -1.9297, 0.0602 -0.6746 -1.9293, 0.0488 -0.6693 -1.9297, 0.0371 -0.665 -1.9293, 0.0249 -0.6621 -1.9297, -0.0001 -0.6596 -1.9297, -0.0001 -0.6595 -1.9293, -0.037 -0.6655 -1.9291, -0.025 -0.6621 -1.9297, -0.0372 -0.665 -1.9293, -0.0489 -0.6693 -1.9297, -0.0603 -0.6746 -1.9293, -0.071 -0.6812 -1.9297, -0.0904 -0.697 -1.9297, -0.0905 -0.697 -1.9293, -0.1124 -0.7273 -1.9291, -0.1063 -0.7164 -1.9297, -0.1129 -0.7271 -1.9293, -0.1181 -0.7385 -1.9297, -0.1225 -0.7503 -1.9293, -0.1254 -0.7625 -1.9297, -0.1248 -0.7626 -1.9307, -0.1175 -0.7387 -1.9307, -0.1058 -0.7167 -1.9307, -0.09 -0.6975 -1.9307, -0.0707 -0.6817 -1.9307, -0.0487 -0.6699 -1.9307, -0.0249 -0.6627 -1.9307, -0.0001 -0.6602 -1.9307, 0.0248 -0.6627 -1.9307, 0.0486 -0.6699 -1.9307, 0.0706 -0.6817 -1.9307, 0.0899 -0.6975 -1.9307, 0.1057 -0.7167 -1.9307, 0.1174 -0.7387 -1.9307, 0.1247 -0.7626 -1.9307, 0.1271 -0.7874 -1.9307, 0.1247 -0.8122 -1.9307, 0.1174 -0.8361 -1.9307, 0.1057 -0.8581 -1.9307, 0.0899 -0.8773 -1.9307, 0.0706 -0.8931 -1.9307, 0.0486 -0.9049 -1.9307, 0.0248 -0.9121 -1.9307, -0.0001 -0.9146 -1.9307, -0.0249 -0.9121 -1.9307, -0.0487 -0.9049 -1.9307, -0.0707 -0.8931 -1.9307, -0.09 -0.8773 -1.9307, -0.1058 -0.8581 -1.9307, -0.1175 -0.8361 -1.9307, -0.1248 -0.8122 -1.9307, -0.1272 -0.7874 -1.9307, -0.1218 -0.7632 -1.9345, -0.1148 -0.7399 -1.9345, -0.1033 -0.7184 -1.9345, -0.0879 -0.6996 -1.9345, -0.069 -0.6842 -1.9345, -0.0476 -0.6727 -1.9345, -0.0243 -0.6656 -1.9345, -0.0001 -0.6632 -1.9345, 0.0242 -0.6656 -1.9345, 0.0475 -0.6727 -1.9345, 0.0689 -0.6842 -1.9345, 0.0878 -0.6996 -1.9345, 0.1032 -0.7184 -1.9345, 0.1147 -0.7399 -1.9345, 0.1217 -0.7632 -1.9345, 0.1241 -0.7874 -1.9345, 0.1217 -0.8116 -1.9345, 0.1147 -0.8349 -1.9345, 0.1032 -0.8564 -1.9345, 0.0878 -0.8752 -1.9345, 0.0689 -0.8906 -1.9345, 0.0475 -0.9021 -1.9345, 0.0242 -0.9092 -1.9345, -0.0001 -0.9116 -1.9345, -0.0243 -0.9092 -1.9345, -0.0476 -0.9021 -1.9345, -0.069 -0.8906 -1.9345, -0.0879 -0.8752 -1.9345, -0.1033 -0.8564 -1.9345, -0.1148 -0.8349 -1.9345, -0.1218 -0.8116 -1.9345, -0.1242 -0.7874 -1.9345, 0.0869 -0.8047 -1.9685, 0.1279 0.7874 -1.9292, 0.0685 0.8437 -1.9685, 0.1123 0.8475 -1.9291, 0.1223 0.8245 -1.9293, 0.1219 0.8243 -1.9291, 0.0602 0.9002 -1.9293, 0.06 0.8997 -1.9291, -0.0372 0.9098 -1.9293, -0.037 0.9093 -1.9291, -0.1129 0.8477 -1.9293, -0.1124 0.8475 -1.9291, -0.1124 0.7273 -1.9291, -0.122 0.7505 -1.9291, -0.037 0.6655 -1.9291, -0.0905 0.6969 -1.9292, -0.0905 0.697 -1.9293, -0.0601 0.6751 -1.9291, 0.06 0.6751 -1.9291, -0.0001 0.6595 -1.9292, -0.0001 0.6595 -1.9293, 0.0369 0.6655 -1.9291, 0.1219 0.7505 -1.9291, 0.0904 0.6969 -1.9292, 0.0904 0.697 -1.9293, 0.1123 0.7273 -1.9291, 0.0888 0.7874 -1.9685, 0.082 0.7534 -1.9685, 0.0848 0.7617 -1.9685, 0.0818 0.7535 -1.9685, 0.0869 0.7701 -1.9685, 0.0882 0.7787 -1.9685, 0.0885 0.7831 -1.9685, 0.076 0.7418 -1.9685, 0.0782 0.7456 -1.9685, 0.0737 0.7381 -1.9685, 0.0339 0.7055 -1.9685, 0.0418 0.7092 -1.9685, 0.0626 0.7247 -1.9685, 0.0627 0.7246 -1.9685, 0.0492 0.7137 -1.9685, 0.0339 0.7054 -1.9685, 0.0455 0.7113 -1.9685, 0.0086 0.6992 -1.9685, 0.0172 0.7004 -1.9685, -0.0001 0.6986 -1.9685, 0.0043 0.6988 -1.9685, 0.0257 0.7025 -1.9685, 0.0921 0.8057 -1.9647, 0.0939 0.7874 -1.9647, 0.0901 0.7874 -1.9677, 0.0921 0.7691 -1.9647, 0.0832 0.7529 -1.9677, 0.0521 0.7093 -1.9647, 0.0344 0.7041 -1.9677, 0.0664 0.721 -1.9647, 0.0637 0.7237 -1.9677, 0.0781 0.7352 -1.9647, 0.0868 0.7514 -1.9647, -0.0493 0.7137 -1.9685, -0.0563 0.7189 -1.9685, -0.0627 0.7247 -1.9685, -0.0419 0.7092 -1.9685, -0.0 0.6988 -1.9685, -0.0173 0.7004 -1.9685, -0.034 0.7054 -1.9685, -0.034 0.7055 -1.9685, -0.038 0.7072 -1.9685, -0.0889 0.7874 -1.9685, -0.082 0.7535 -1.9685, -0.0821 0.7534 -1.9685, -0.0738 0.7381 -1.9685, -0.0628 0.7246 -1.9685, -0.0713 0.7346 -1.9685, -0.0686 0.7311 -1.9685, -0.0345 0.7041 -1.9677, -0.0001 0.6973 -1.9677, -0.0184 0.6953 -1.9647, -0.036 0.7006 -1.9647, -0.0522 0.7093 -1.9647, -0.0638 0.7237 -1.9677, -0.0665 0.721 -1.9647, -0.0833 0.7529 -1.9677, 0.0359 0.7006 -1.9647, 0.0183 0.6953 -1.9647, -0.0001 0.6934 -1.9647, -0.0782 0.7352 -1.9647, -0.0869 0.7514 -1.9647, -0.0902 0.7874 -1.9677, -0.0922 0.7691 -1.9647, -0.094 0.7874 -1.9647, 0.1223 0.7503 -1.9293, 0.1128 0.7271 -1.9293, 0.118 0.7385 -1.9297, 0.1253 0.7625 -1.9297, 0.1277 0.7874 -1.9297, 0.0903 0.697 -1.9297, 0.1062 0.7164 -1.9297, 0.0602 0.6746 -1.9293, 0.0371 0.665 -1.9293, 0.0488 0.6693 -1.9297, 0.0709 0.6812 -1.9297, -0.0001 0.6596 -1.9297, 0.0249 0.6621 -1.9297, -0.0372 0.665 -1.9293, -0.0603 0.6746 -1.9293, -0.0489 0.6693 -1.9297, -0.025 0.6621 -1.9297, -0.0904 0.697 -1.9297, -0.071 0.6812 -1.9297, -0.1129 0.7271 -1.9293, -0.1225 0.7503 -1.9293, -0.1181 0.7385 -1.9297, -0.1063 0.7164 -1.9297, -0.128 0.7874 -1.9292, -0.1279 0.7874 -1.9293, -0.1278 0.7874 -1.9297, -0.1254 0.7625 -1.9297, -0.122 0.8243 -1.9291, -0.1254 0.8123 -1.9297, -0.1225 0.8245 -1.9293, -0.1181 0.8363 -1.9297, -0.0905 0.8779 -1.9292, -0.0905 0.8778 -1.9293, -0.1063 0.8584 -1.9297, -0.0904 0.8778 -1.9297, -0.0601 0.8997 -1.9291, -0.071 0.8936 -1.9297, -0.0603 0.9002 -1.9293, -0.0489 0.9055 -1.9297, -0.0001 0.9153 -1.9292, -0.0001 0.9153 -1.9293, -0.025 0.9127 -1.9297, -0.0001 0.9152 -1.9297, 0.0369 0.9093 -1.9291, 0.0249 0.9127 -1.9297, 0.0371 0.9098 -1.9293, 0.0488 0.9055 -1.9297, 0.0904 0.8779 -1.9292, 0.0904 0.8778 -1.9293, 0.0709 0.8936 -1.9297, 0.0903 0.8778 -1.9297, 0.1062 0.8584 -1.9297, 0.1128 0.8477 -1.9293, 0.118 0.8363 -1.9297, 0.1278 0.7874 -1.9293, 0.1253 0.8123 -1.9297, 0.1247 0.8122 -1.9307, 0.1174 0.8361 -1.9307, 0.1057 0.8581 -1.9307, 0.0899 0.8773 -1.9307, 0.0706 0.8931 -1.9307, 0.0486 0.9049 -1.9307, 0.0248 0.9121 -1.9307, -0.0001 0.9146 -1.9307, -0.0249 0.9121 -1.9307, -0.0487 0.9049 -1.9307, -0.0707 0.8931 -1.9307, -0.09 0.8773 -1.9307, -0.1058 0.8581 -1.9307, -0.1175 0.8361 -1.9307, -0.1248 0.8122 -1.9307, -0.1272 0.7874 -1.9307, -0.1248 0.7626 -1.9307, -0.1175 0.7387 -1.9307, -0.1058 0.7167 -1.9307, -0.09 0.6975 -1.9307, -0.0707 0.6817 -1.9307, -0.0487 0.6699 -1.9307, -0.0249 0.6627 -1.9307, -0.0001 0.6602 -1.9307, 0.0248 0.6627 -1.9307, 0.0486 0.6699 -1.9307, 0.0706 0.6817 -1.9307, 0.0899 0.6975 -1.9307, 0.1057 0.7167 -1.9307, 0.1174 0.7387 -1.9307, 0.1247 0.7626 -1.9307, 0.1271 0.7874 -1.9307, 0.1217 0.8116 -1.9345, 0.1147 0.8349 -1.9345, 0.1032 0.8564 -1.9345, 0.0878 0.8752 -1.9345, 0.0689 0.8906 -1.9345, 0.0475 0.9021 -1.9345, 0.0242 0.9092 -1.9345, -0.0001 0.9116 -1.9345, -0.0243 0.9092 -1.9345, -0.0476 0.9021 -1.9345, -0.069 0.8906 -1.9345, -0.0879 0.8752 -1.9345, -0.1033 0.8564 -1.9345, -0.1148 0.8349 -1.9345, -0.1218 0.8116 -1.9345, -0.1242 0.7874 -1.9345, -0.1218 0.7632 -1.9345, -0.1148 0.7399 -1.9345, -0.1033 0.7184 -1.9345, -0.0879 0.6996 -1.9345, -0.069 0.6842 -1.9345, -0.0476 0.6727 -1.9345, -0.0243 0.6656 -1.9345, -0.0001 0.6632 -1.9345, 0.0242 0.6656 -1.9345, 0.0475 0.6727 -1.9345, 0.0689 0.6842 -1.9345, 0.0878 0.6996 -1.9345, 0.1032 0.7184 -1.9345, 0.1147 0.7399 -1.9345, 0.1217 0.7632 -1.9345, 0.1241 0.7874 -1.9345, 0.1074 0.8088 -1.9501, 0.1012 0.8293 -1.9501, 0.091 0.8483 -1.9501, 0.0774 0.8649 -1.9501, 0.0608 0.8785 -1.9501, 0.0419 0.8886 -1.9501, 0.0213 0.8949 -1.9501, -0.0001 0.897 -1.9501, -0.0214 0.8949 -1.9501, -0.042 0.8886 -1.9501, -0.0609 0.8785 -1.9501, -0.0775 0.8649 -1.9501, -0.0911 0.8483 -1.9501, -0.1013 0.8293 -1.9501, -0.1075 0.8088 -1.9501, -0.1096 0.7874 -1.9501, -0.1075 0.766 -1.9501, -0.1013 0.7455 -1.9501, -0.0911 0.7265 -1.9501, -0.0775 0.7099 -1.9501, -0.0609 0.6963 -1.9501, -0.042 0.6862 -1.9501, -0.0214 0.6799 -1.9501, -0.0001 0.6778 -1.9501, 0.0213 0.6799 -1.9501, 0.0419 0.6862 -1.9501, 0.0608 0.6963 -1.9501, 0.0774 0.7099 -1.9501, 0.091 0.7265 -1.9501, 0.1012 0.7455 -1.9501, 0.1074 0.766 -1.9501, 0.1095 0.7874 -1.9501, -0.0819 0.8213 -1.9685, -0.0849 0.8131 -1.9685, -0.0887 0.7874 -1.9685, -0.087 0.8047 -1.9685, -0.0821 0.8214 -1.9685, -0.0861 0.8089 -1.9685, -0.0686 0.8437 -1.9685, -0.0738 0.8367 -1.9685, -0.0628 0.8502 -1.9685, -0.0658 0.847 -1.9685, -0.0783 0.8292 -1.9685, -0.0173 0.8744 -1.9685, -0.0087 0.8757 -1.9685, -0.0001 0.876 -1.9685, -0.0258 0.8723 -1.9685, -0.0627 0.8501 -1.9685, -0.0493 0.8611 -1.9685, -0.034 0.8694 -1.9685, -0.034 0.8693 -1.9685, -0.0299 0.8709 -1.9685, -0.0922 0.8057 -1.9647, -0.0869 0.8234 -1.9647, -0.0833 0.8219 -1.9677, -0.0782 0.8396 -1.9647, -0.0638 0.8511 -1.9677, -0.0665 0.8538 -1.9647, -0.0522 0.8655 -1.9647, -0.0345 0.8707 -1.9677, -0.036 0.8742 -1.9647, -0.0001 0.8775 -1.9677, -0.0184 0.8796 -1.9647, 0.0339 0.8694 -1.9685, 0.0339 0.8693 -1.9685, 0.0172 0.8744 -1.9685, -0.0001 0.8762 -1.9685, 0.013 0.8751 -1.9685, 0.0086 0.8757 -1.9685, 0.0492 0.8611 -1.9685, 0.0626 0.8501 -1.9685, 0.0562 0.856 -1.9685, 0.0627 0.8502 -1.9685, 0.0528 0.8586 -1.9685, -0.0001 0.8814 -1.9647, 0.0183 0.8796 -1.9647, 0.0344 0.8707 -1.9677, 0.0832 0.8219 -1.9677, 0.063 0.8504 -1.9683, 0.0637 0.8511 -1.9677, 0.0341 0.8697 -1.9683, -0.0001 0.8765 -1.9683, -0.0342 0.8697 -1.9683, -0.0631 0.8504 -1.9683, -0.0824 0.8215 -1.9683, -0.0892 0.7874 -1.9683, 0.0818 0.8213 -1.9685, 0.0782 0.8292 -1.9685, 0.0737 0.8367 -1.9685, 0.082 0.8214 -1.9685, 0.0801 0.8253 -1.9685, 0.0869 0.8047 -1.9685, 0.0886 0.7874 -1.9685, -0.0824 0.7533 -1.9683, -0.0631 0.7244 -1.9683, -0.0342 0.7051 -1.9683, -0.0001 0.6983 -1.9683, 0.0341 0.7051 -1.9683, 0.063 0.7244 -1.9683, 0.0823 0.7533 -1.9683, 0.0891 0.7874 -1.9683, 0.0823 0.8215 -1.9683, 0.0359 0.8742 -1.9647, 0.0521 0.8655 -1.9647, 0.0664 0.8538 -1.9647, 0.0781 0.8396 -1.9647, 0.0868 0.8234 -1.9647
            ]
        }
        coordIndex [
            0,1,2,-1,3,4,5,-1,5,4,6,-1,5,6,2,-1,2,6,7,-1,2,7,0,-1,3,5,8,-1,8,5,9,-1,8,9,10,-1,10,9,11,-1,10,11,12,-1,12,11,13,-1,12,13,14,-1,14,13,15,-1,14,15,16,-1,16,15,17,-1,17,15,18,-1,17,18,19,-1,19,18,20,-1,20,18,21,-1,20,21,22,-1,23,24,25,-1,25,24,26,-1,25,26,27,-1,27,26,28,-1,27,28,29,-1,29,28,30,-1,29,30,21,-1,21,30,31,-1,21,31,22,-1,32,33,23,-1,23,33,34,-1,23,34,24,-1,35,36,37,-1,37,36,38,-1,37,38,32,-1,32,38,39,-1,32,39,33,-1,35,37,40,-1,40,37,41,-1,40,41,42,-1,42,41,43,-1,42,43,44,-1,44,43,45,-1,44,45,46,-1,46,45,47,-1,46,47,48,-1,48,47,49,-1,49,47,50,-1,49,50,51,-1,51,50,52,-1,52,50,53,-1,52,53,54,-1,55,56,57,-1,57,56,58,-1,57,58,59,-1,59,58,60,-1,59,60,61,-1,61,60,62,-1,61,62,53,-1,53,62,63,-1,53,63,54,-1,64,65,55,-1,55,65,66,-1,55,66,56,-1,67,68,69,-1,69,68,70,-1,69,70,64,-1,64,70,71,-1,64,71,65,-1,67,69,72,-1,72,69,73,-1,72,73,74,-1,74,73,75,-1,74,75,76,-1,76,75,77,-1,76,77,78,-1,78,77,79,-1,78,79,80,-1,80,79,81,-1,81,79,82,-1,81,82,83,-1,83,82,84,-1,84,82,85,-1,84,85,86,-1,87,88,89,-1,89,88,90,-1,89,90,91,-1,91,90,92,-1,91,92,93,-1,93,92,94,-1,93,94,85,-1,85,94,95,-1,85,95,86,-1,96,97,87,-1,87,97,98,-1,87,98,88,-1,99,100,101,-1,101,100,102,-1,101,102,96,-1,96,102,103,-1,96,103,97,-1,99,101,104,-1,104,101,105,-1,104,105,106,-1,106,105,107,-1,106,107,108,-1,108,107,109,-1,108,109,110,-1,110,109,111,-1,110,111,112,-1,112,111,113,-1,113,111,114,-1,113,114,115,-1,115,114,116,-1,116,114,117,-1,116,117,118,-1,0,119,1,-1,1,119,120,-1,1,120,121,-1,121,120,122,-1,121,122,123,-1,123,122,124,-1,123,124,125,-1,125,124,126,-1,125,126,117,-1,117,126,127,-1,117,127,118,-1,128,129,130,-1,131,132,129,-1,132,133,129,-1,129,133,134,-1,129,134,130,-1,135,136,137,-1,136,138,137,-1,137,138,139,-1,137,139,140,-1,140,141,137,-1,137,141,142,-1,137,142,143,-1,144,145,129,-1,129,145,146,-1,129,146,131,-1,144,147,145,-1,145,147,148,-1,145,148,149,-1,149,148,150,-1,128,130,137,-1,137,130,151,-1,137,151,135,-1,152,143,153,-1,153,143,154,-1,152,155,143,-1,143,155,156,-1,143,156,137,-1,157,158,143,-1,143,158,159,-1,143,159,154,-1,160,161,148,-1,148,161,162,-1,148,162,163,-1,163,164,148,-1,148,164,165,-1,148,165,150,-1,166,167,168,-1,169,170,171,-1,171,170,172,-1,171,172,168,-1,168,172,173,-1,168,173,166,-1,169,171,174,-1,174,171,175,-1,174,175,176,-1,176,175,177,-1,176,177,178,-1,178,177,179,-1,178,179,180,-1,180,179,181,-1,180,181,182,-1,182,181,183,-1,183,181,184,-1,183,184,185,-1,185,184,186,-1,186,184,187,-1,186,187,188,-1,189,190,191,-1,191,190,192,-1,191,192,193,-1,193,192,194,-1,193,194,195,-1,195,194,196,-1,195,196,187,-1,187,196,197,-1,187,197,188,-1,198,199,189,-1,189,199,200,-1,189,200,190,-1,201,202,203,-1,203,202,204,-1,203,204,198,-1,198,204,205,-1,198,205,199,-1,201,203,206,-1,206,203,207,-1,206,207,208,-1,208,207,209,-1,208,209,210,-1,210,209,211,-1,210,211,212,-1,212,211,213,-1,212,213,214,-1,214,213,215,-1,215,213,216,-1,215,216,217,-1,217,216,218,-1,218,216,219,-1,218,219,220,-1,221,222,223,-1,223,222,224,-1,223,224,225,-1,225,224,226,-1,225,226,227,-1,227,226,228,-1,227,228,219,-1,219,228,229,-1,219,229,220,-1,230,231,221,-1,221,231,232,-1,221,232,222,-1,233,234,235,-1,235,234,236,-1,235,236,230,-1,230,236,237,-1,230,237,231,-1,233,235,238,-1,238,235,239,-1,238,239,240,-1,240,239,241,-1,240,241,242,-1,242,241,243,-1,242,243,244,-1,244,243,245,-1,244,245,246,-1,246,245,247,-1,247,245,248,-1,247,248,249,-1,249,248,250,-1,250,248,251,-1,250,251,252,-1,253,254,255,-1,255,254,256,-1,255,256,257,-1,257,256,258,-1,257,258,259,-1,259,258,260,-1,259,260,251,-1,251,260,261,-1,251,261,252,-1,262,263,253,-1,253,263,264,-1,253,264,254,-1,265,266,267,-1,267,266,268,-1,267,268,262,-1,262,268,269,-1,262,269,263,-1,265,267,270,-1,270,267,271,-1,270,271,272,-1,272,271,273,-1,272,273,274,-1,274,273,275,-1,274,275,276,-1,276,275,277,-1,276,277,278,-1,278,277,279,-1,279,277,280,-1,279,280,281,-1,281,280,282,-1,282,280,283,-1,282,283,284,-1,166,285,167,-1,167,285,286,-1,167,286,287,-1,287,286,288,-1,287,288,289,-1,289,288,290,-1,289,290,291,-1,291,290,292,-1,291,292,283,-1,283,292,293,-1,283,293,284,-1,294,295,296,-1,297,298,299,-1,299,298,300,-1,294,296,301,-1,295,302,296,-1,296,302,303,-1,296,303,304,-1,304,305,296,-1,296,305,306,-1,296,306,307,-1,307,308,296,-1,296,308,309,-1,296,309,310,-1,311,312,297,-1,312,313,297,-1,297,313,314,-1,297,314,315,-1,315,316,297,-1,297,316,317,-1,297,317,298,-1,318,298,319,-1,319,298,320,-1,318,321,298,-1,298,321,322,-1,298,322,300,-1,296,323,324,-1,324,323,325,-1,301,296,297,-1,297,296,326,-1,297,326,311,-1,327,328,298,-1,298,328,329,-1,298,329,320,-1,310,330,296,-1,296,330,331,-1,296,331,323,-1,69,64,332,-1,85,82,333,-1,101,96,334,-1,117,114,335,-1,336,337,338,-1,339,340,341,-1,342,343,344,-1,345,346,347,-1,348,349,350,-1,351,352,353,-1,354,355,356,-1,357,358,359,-1,360,361,55,-1,362,363,364,-1,364,363,365,-1,364,365,366,-1,366,365,367,-1,367,365,368,-1,368,365,369,-1,368,369,370,-1,371,372,373,-1,373,374,371,-1,371,374,375,-1,371,375,369,-1,369,375,376,-1,369,376,370,-1,377,378,379,-1,379,378,380,-1,379,380,381,-1,381,382,379,-1,379,382,383,-1,379,383,384,-1,384,383,385,-1,384,385,372,-1,372,385,386,-1,372,386,373,-1,387,388,377,-1,377,388,389,-1,377,389,378,-1,390,391,392,-1,392,391,393,-1,392,393,387,-1,387,393,394,-1,387,394,388,-1,395,396,392,-1,392,396,397,-1,392,397,390,-1,398,399,400,-1,400,401,398,-1,398,401,402,-1,398,402,395,-1,395,402,403,-1,395,403,396,-1,404,405,399,-1,399,405,406,-1,399,406,400,-1,407,408,409,-1,407,409,410,-1,409,411,410,-1,410,411,412,-1,410,412,404,-1,404,412,413,-1,404,413,405,-1,408,407,414,-1,414,407,415,-1,414,415,416,-1,55,57,360,-1,360,57,59,-1,360,59,417,-1,417,59,61,-1,417,61,418,-1,419,43,420,-1,420,43,41,-1,420,41,421,-1,61,53,418,-1,418,53,50,-1,418,50,422,-1,422,50,47,-1,422,47,419,-1,419,47,45,-1,419,45,43,-1,355,357,423,-1,424,27,425,-1,425,27,29,-1,425,29,426,-1,427,361,428,-1,428,361,360,-1,428,360,429,-1,429,360,417,-1,429,417,430,-1,430,417,418,-1,430,418,431,-1,431,418,422,-1,431,422,432,-1,432,422,419,-1,432,419,433,-1,433,419,420,-1,433,420,434,-1,434,420,421,-1,434,421,435,-1,435,421,436,-1,435,436,437,-1,437,436,424,-1,437,424,438,-1,438,424,425,-1,438,425,439,-1,439,425,426,-1,439,426,440,-1,440,426,441,-1,440,441,442,-1,442,441,443,-1,442,443,444,-1,444,443,445,-1,444,445,446,-1,446,445,447,-1,443,11,445,-1,445,11,9,-1,445,9,447,-1,447,9,5,-1,447,5,2,-1,29,21,426,-1,426,21,18,-1,426,18,441,-1,441,18,15,-1,441,15,443,-1,443,15,13,-1,443,13,11,-1,41,37,421,-1,421,37,32,-1,421,32,436,-1,436,32,23,-1,436,23,424,-1,424,23,25,-1,424,25,27,-1,352,354,448,-1,346,348,449,-1,349,351,450,-1,343,345,451,-1,340,342,452,-1,453,336,454,-1,337,339,455,-1,453,456,457,-1,457,456,458,-1,457,458,459,-1,459,458,460,-1,459,460,461,-1,461,460,462,-1,461,462,463,-1,463,462,464,-1,463,464,465,-1,465,464,466,-1,465,466,467,-1,467,466,468,-1,467,468,469,-1,469,468,470,-1,469,470,471,-1,471,470,472,-1,471,472,473,-1,473,472,474,-1,473,474,475,-1,475,474,476,-1,475,476,477,-1,477,476,478,-1,477,478,479,-1,479,478,480,-1,479,480,481,-1,481,480,482,-1,481,482,483,-1,483,482,484,-1,483,484,485,-1,485,484,486,-1,485,486,358,-1,357,359,423,-1,423,359,487,-1,423,487,488,-1,488,487,489,-1,488,489,490,-1,490,489,491,-1,490,491,492,-1,492,491,493,-1,492,493,494,-1,354,356,448,-1,448,356,495,-1,448,495,496,-1,496,495,497,-1,496,497,498,-1,498,497,499,-1,498,499,500,-1,500,499,501,-1,500,501,335,-1,335,501,125,-1,335,125,117,-1,493,1,494,-1,494,1,121,-1,494,121,123,-1,355,423,356,-1,356,423,488,-1,356,488,495,-1,495,488,490,-1,495,490,497,-1,497,490,492,-1,497,492,499,-1,499,492,494,-1,499,494,501,-1,501,494,123,-1,501,123,125,-1,351,353,450,-1,450,353,502,-1,450,502,503,-1,503,502,504,-1,503,504,505,-1,505,504,506,-1,505,506,507,-1,507,506,508,-1,507,508,509,-1,348,350,449,-1,449,350,510,-1,449,510,511,-1,511,510,512,-1,511,512,513,-1,513,512,514,-1,513,514,515,-1,515,514,516,-1,515,516,334,-1,334,516,105,-1,334,105,101,-1,508,111,509,-1,509,111,109,-1,509,109,107,-1,349,450,350,-1,350,450,503,-1,350,503,510,-1,510,503,505,-1,510,505,512,-1,512,505,507,-1,512,507,514,-1,514,507,509,-1,514,509,516,-1,516,509,107,-1,516,107,105,-1,352,448,353,-1,353,448,496,-1,353,496,502,-1,502,496,498,-1,502,498,504,-1,504,498,500,-1,504,500,506,-1,506,500,335,-1,506,335,508,-1,508,335,114,-1,508,114,111,-1,517,518,519,-1,519,518,520,-1,519,520,521,-1,521,520,522,-1,521,522,523,-1,523,522,524,-1,523,524,525,-1,525,524,526,-1,525,526,527,-1,527,526,528,-1,527,528,529,-1,529,528,530,-1,529,530,531,-1,531,530,532,-1,531,532,533,-1,533,532,534,-1,533,534,535,-1,535,534,536,-1,535,536,537,-1,537,536,538,-1,537,538,539,-1,539,538,540,-1,539,540,541,-1,541,540,542,-1,541,542,543,-1,543,542,544,-1,543,544,545,-1,545,544,546,-1,545,546,547,-1,547,546,548,-1,345,347,451,-1,451,347,549,-1,451,549,550,-1,550,549,551,-1,550,551,552,-1,552,551,553,-1,552,553,554,-1,554,553,555,-1,554,555,556,-1,342,344,452,-1,452,344,557,-1,452,557,558,-1,558,557,559,-1,558,559,560,-1,560,559,561,-1,560,561,562,-1,562,561,563,-1,562,563,333,-1,333,563,93,-1,333,93,85,-1,555,87,556,-1,556,87,89,-1,556,89,91,-1,343,451,344,-1,344,451,550,-1,344,550,557,-1,557,550,552,-1,557,552,559,-1,559,552,554,-1,559,554,561,-1,561,554,556,-1,561,556,563,-1,563,556,91,-1,563,91,93,-1,339,341,455,-1,455,341,564,-1,455,564,565,-1,565,564,566,-1,565,566,567,-1,567,566,568,-1,567,568,569,-1,569,568,570,-1,569,570,571,-1,336,338,454,-1,454,338,572,-1,454,572,573,-1,573,572,574,-1,573,574,575,-1,575,574,576,-1,575,576,577,-1,577,576,578,-1,577,578,332,-1,332,578,73,-1,332,73,69,-1,570,79,571,-1,571,79,77,-1,571,77,75,-1,337,455,338,-1,338,455,565,-1,338,565,572,-1,572,565,567,-1,572,567,574,-1,574,567,569,-1,574,569,576,-1,576,569,571,-1,576,571,578,-1,578,571,75,-1,578,75,73,-1,340,452,341,-1,341,452,558,-1,341,558,564,-1,564,558,560,-1,564,560,566,-1,566,560,562,-1,566,562,568,-1,568,562,333,-1,568,333,570,-1,570,333,82,-1,570,82,79,-1,446,548,444,-1,444,548,546,-1,444,546,442,-1,442,546,544,-1,442,544,440,-1,440,544,542,-1,440,542,439,-1,439,542,540,-1,439,540,438,-1,438,540,538,-1,438,538,437,-1,437,538,536,-1,437,536,435,-1,435,536,534,-1,435,534,434,-1,434,534,532,-1,434,532,433,-1,433,532,530,-1,433,530,432,-1,432,530,528,-1,432,528,431,-1,431,528,526,-1,431,526,430,-1,430,526,524,-1,430,524,429,-1,429,524,522,-1,429,522,428,-1,428,522,520,-1,428,520,427,-1,427,520,518,-1,346,449,347,-1,347,449,511,-1,347,511,549,-1,549,511,513,-1,549,513,551,-1,551,513,515,-1,551,515,553,-1,553,515,334,-1,553,334,555,-1,555,334,96,-1,555,96,87,-1,547,486,545,-1,545,486,484,-1,545,484,543,-1,543,484,482,-1,543,482,541,-1,541,482,480,-1,541,480,539,-1,539,480,478,-1,539,478,537,-1,537,478,476,-1,537,476,535,-1,535,476,474,-1,535,474,533,-1,533,474,472,-1,533,472,531,-1,531,472,470,-1,531,470,529,-1,529,470,468,-1,529,468,527,-1,527,468,466,-1,527,466,525,-1,525,466,464,-1,525,464,523,-1,523,464,462,-1,523,462,521,-1,521,462,460,-1,521,460,519,-1,519,460,458,-1,519,458,517,-1,517,458,456,-1,416,415,579,-1,579,415,580,-1,579,580,581,-1,581,580,582,-1,582,580,583,-1,582,583,584,-1,584,583,585,-1,585,583,586,-1,585,586,587,-1,587,586,588,-1,588,586,589,-1,588,589,590,-1,591,592,589,-1,589,592,593,-1,589,593,590,-1,594,595,596,-1,596,597,594,-1,594,597,598,-1,594,598,591,-1,591,598,599,-1,591,599,592,-1,600,601,595,-1,595,601,602,-1,595,602,596,-1,603,604,600,-1,600,604,605,-1,600,605,601,-1,606,607,608,-1,608,607,609,-1,608,609,603,-1,603,609,610,-1,603,610,604,-1,606,608,611,-1,611,608,612,-1,611,612,613,-1,614,615,616,-1,616,617,614,-1,614,617,618,-1,614,618,612,-1,612,618,619,-1,612,619,613,-1,620,621,622,-1,622,621,623,-1,622,623,615,-1,615,623,624,-1,615,624,616,-1,362,625,363,-1,363,625,626,-1,363,626,620,-1,620,626,627,-1,620,627,621,-1,628,620,629,-1,629,620,622,-1,629,622,630,-1,630,622,615,-1,630,615,631,-1,631,615,614,-1,631,614,632,-1,632,614,612,-1,632,612,633,-1,633,612,608,-1,633,608,634,-1,634,608,603,-1,634,603,635,-1,635,603,600,-1,635,600,636,-1,636,600,595,-1,636,595,637,-1,637,595,594,-1,637,594,638,-1,638,594,591,-1,638,591,639,-1,639,591,589,-1,639,589,640,-1,640,589,586,-1,640,586,641,-1,641,586,583,-1,641,583,642,-1,642,583,580,-1,642,580,643,-1,643,580,415,-1,643,415,644,-1,644,415,407,-1,644,407,645,-1,645,407,410,-1,645,410,646,-1,646,410,404,-1,646,404,647,-1,647,404,399,-1,647,399,648,-1,648,399,398,-1,648,398,649,-1,649,398,395,-1,649,395,650,-1,650,395,392,-1,650,392,651,-1,651,392,387,-1,651,387,652,-1,652,387,377,-1,652,377,653,-1,653,377,379,-1,653,379,654,-1,654,379,384,-1,654,384,655,-1,655,384,372,-1,655,372,656,-1,656,372,371,-1,656,371,657,-1,657,371,369,-1,657,369,658,-1,658,369,365,-1,658,365,659,-1,659,365,363,-1,659,363,628,-1,628,363,620,-1,660,661,662,-1,662,661,663,-1,662,663,664,-1,664,663,665,-1,664,665,666,-1,666,665,667,-1,666,667,668,-1,668,667,669,-1,668,669,670,-1,670,669,671,-1,670,671,672,-1,672,671,673,-1,672,673,674,-1,674,673,675,-1,674,675,676,-1,676,675,677,-1,676,677,678,-1,678,677,679,-1,678,679,680,-1,680,679,681,-1,680,681,682,-1,682,681,683,-1,682,683,684,-1,684,683,685,-1,684,685,686,-1,686,685,687,-1,686,687,688,-1,688,687,689,-1,688,689,690,-1,690,689,691,-1,690,691,692,-1,692,691,693,-1,692,693,694,-1,694,693,695,-1,694,695,696,-1,696,695,697,-1,696,697,698,-1,698,697,699,-1,698,699,700,-1,700,699,701,-1,700,701,702,-1,702,701,703,-1,702,703,704,-1,704,703,705,-1,704,705,706,-1,706,705,707,-1,706,707,708,-1,708,707,709,-1,708,709,710,-1,710,709,711,-1,710,711,712,-1,712,711,713,-1,712,713,714,-1,714,713,715,-1,714,715,716,-1,716,715,717,-1,716,717,718,-1,718,717,719,-1,718,719,720,-1,720,719,721,-1,720,721,722,-1,722,721,723,-1,722,723,660,-1,660,723,661,-1,661,628,663,-1,663,628,629,-1,663,629,665,-1,665,629,630,-1,665,630,667,-1,667,630,631,-1,667,631,669,-1,669,631,632,-1,669,632,671,-1,671,632,633,-1,671,633,673,-1,673,633,634,-1,673,634,675,-1,675,634,635,-1,675,635,677,-1,677,635,636,-1,677,636,679,-1,679,636,637,-1,679,637,681,-1,681,637,638,-1,681,638,683,-1,683,638,639,-1,683,639,685,-1,685,639,640,-1,685,640,687,-1,687,640,641,-1,687,641,689,-1,689,641,642,-1,689,642,691,-1,691,642,643,-1,691,643,693,-1,693,643,644,-1,693,644,695,-1,695,644,645,-1,695,645,697,-1,697,645,646,-1,697,646,699,-1,699,646,647,-1,699,647,701,-1,701,647,648,-1,701,648,703,-1,703,648,649,-1,703,649,705,-1,705,649,650,-1,705,650,707,-1,707,650,651,-1,707,651,709,-1,709,651,652,-1,709,652,711,-1,711,652,653,-1,711,653,713,-1,713,653,654,-1,713,654,715,-1,715,654,655,-1,715,655,717,-1,717,655,656,-1,717,656,719,-1,719,656,657,-1,719,657,721,-1,721,657,658,-1,721,658,723,-1,723,658,659,-1,723,659,661,-1,661,659,628,-1,358,486,359,-1,359,486,547,-1,359,547,487,-1,487,547,548,-1,487,548,489,-1,489,548,446,-1,489,446,491,-1,491,446,447,-1,491,447,493,-1,493,447,2,-1,493,2,1,-1,453,454,456,-1,456,454,573,-1,456,573,517,-1,517,573,575,-1,517,575,518,-1,518,575,577,-1,518,577,427,-1,427,577,332,-1,427,332,361,-1,361,332,64,-1,361,64,55,-1,457,660,453,-1,453,660,662,-1,453,662,336,-1,336,662,664,-1,336,664,337,-1,337,664,666,-1,337,666,339,-1,339,666,668,-1,339,668,340,-1,340,668,670,-1,340,670,342,-1,342,670,672,-1,342,672,343,-1,343,672,674,-1,343,674,345,-1,345,674,676,-1,345,676,346,-1,346,676,678,-1,346,678,348,-1,348,678,680,-1,348,680,349,-1,349,680,682,-1,349,682,351,-1,351,682,684,-1,351,684,352,-1,352,684,686,-1,352,686,354,-1,354,686,688,-1,354,688,355,-1,355,688,690,-1,355,690,357,-1,357,690,692,-1,357,692,358,-1,358,692,694,-1,358,694,485,-1,485,694,696,-1,485,696,483,-1,483,696,698,-1,483,698,481,-1,481,698,700,-1,481,700,479,-1,479,700,702,-1,479,702,477,-1,477,702,704,-1,477,704,475,-1,475,704,706,-1,475,706,473,-1,473,706,708,-1,473,708,471,-1,471,708,710,-1,471,710,469,-1,469,710,712,-1,469,712,467,-1,467,712,714,-1,467,714,465,-1,465,714,716,-1,465,716,463,-1,463,716,718,-1,463,718,461,-1,461,718,720,-1,461,720,459,-1,459,720,722,-1,459,722,457,-1,457,722,660,-1,235,230,724,-1,251,248,725,-1,267,262,726,-1,283,280,727,-1,728,729,730,-1,731,732,733,-1,734,735,736,-1,737,738,739,-1,740,741,742,-1,743,744,745,-1,746,747,748,-1,749,750,751,-1,752,753,221,-1,754,755,756,-1,756,755,757,-1,756,757,758,-1,758,757,759,-1,759,757,760,-1,760,757,761,-1,760,761,762,-1,763,764,765,-1,765,766,763,-1,763,766,767,-1,763,767,761,-1,761,767,768,-1,761,768,762,-1,769,770,771,-1,771,770,772,-1,771,772,773,-1,773,774,771,-1,771,774,775,-1,771,775,776,-1,776,775,777,-1,776,777,764,-1,764,777,778,-1,764,778,765,-1,779,780,769,-1,769,780,781,-1,769,781,770,-1,782,783,784,-1,784,783,785,-1,784,785,779,-1,779,785,786,-1,779,786,780,-1,787,788,784,-1,784,788,789,-1,784,789,782,-1,790,791,792,-1,792,793,790,-1,790,793,794,-1,790,794,787,-1,787,794,795,-1,787,795,788,-1,796,797,791,-1,791,797,798,-1,791,798,792,-1,799,800,801,-1,799,801,802,-1,801,803,802,-1,802,803,804,-1,802,804,796,-1,796,804,805,-1,796,805,797,-1,800,799,806,-1,806,799,807,-1,806,807,808,-1,221,223,752,-1,752,223,225,-1,752,225,809,-1,809,225,227,-1,809,227,810,-1,811,209,812,-1,812,209,207,-1,812,207,813,-1,227,219,810,-1,810,219,216,-1,810,216,814,-1,814,216,213,-1,814,213,811,-1,811,213,211,-1,811,211,209,-1,747,749,815,-1,816,193,817,-1,817,193,195,-1,817,195,818,-1,819,753,820,-1,820,753,752,-1,820,752,821,-1,821,752,809,-1,821,809,822,-1,822,809,810,-1,822,810,823,-1,823,810,814,-1,823,814,824,-1,824,814,811,-1,824,811,825,-1,825,811,812,-1,825,812,826,-1,826,812,813,-1,826,813,827,-1,827,813,828,-1,827,828,829,-1,829,828,816,-1,829,816,830,-1,830,816,817,-1,830,817,831,-1,831,817,818,-1,831,818,832,-1,832,818,833,-1,832,833,834,-1,834,833,835,-1,834,835,836,-1,836,835,837,-1,836,837,838,-1,838,837,839,-1,835,177,837,-1,837,177,175,-1,837,175,839,-1,839,175,171,-1,839,171,168,-1,195,187,818,-1,818,187,184,-1,818,184,833,-1,833,184,181,-1,833,181,835,-1,835,181,179,-1,835,179,177,-1,207,203,813,-1,813,203,198,-1,813,198,828,-1,828,198,189,-1,828,189,816,-1,816,189,191,-1,816,191,193,-1,744,746,840,-1,738,740,841,-1,741,743,842,-1,735,737,843,-1,732,734,844,-1,845,728,846,-1,729,731,847,-1,845,848,849,-1,849,848,850,-1,849,850,851,-1,851,850,852,-1,851,852,853,-1,853,852,854,-1,853,854,855,-1,855,854,856,-1,855,856,857,-1,857,856,858,-1,857,858,859,-1,859,858,860,-1,859,860,861,-1,861,860,862,-1,861,862,863,-1,863,862,864,-1,863,864,865,-1,865,864,866,-1,865,866,867,-1,867,866,868,-1,867,868,869,-1,869,868,870,-1,869,870,871,-1,871,870,872,-1,871,872,873,-1,873,872,874,-1,873,874,875,-1,875,874,876,-1,875,876,877,-1,877,876,878,-1,877,878,750,-1,749,751,815,-1,815,751,879,-1,815,879,880,-1,880,879,881,-1,880,881,882,-1,882,881,883,-1,882,883,884,-1,884,883,885,-1,884,885,886,-1,746,748,840,-1,840,748,887,-1,840,887,888,-1,888,887,889,-1,888,889,890,-1,890,889,891,-1,890,891,892,-1,892,891,893,-1,892,893,727,-1,727,893,291,-1,727,291,283,-1,885,167,886,-1,886,167,287,-1,886,287,289,-1,747,815,748,-1,748,815,880,-1,748,880,887,-1,887,880,882,-1,887,882,889,-1,889,882,884,-1,889,884,891,-1,891,884,886,-1,891,886,893,-1,893,886,289,-1,893,289,291,-1,743,745,842,-1,842,745,894,-1,842,894,895,-1,895,894,896,-1,895,896,897,-1,897,896,898,-1,897,898,899,-1,899,898,900,-1,899,900,901,-1,740,742,841,-1,841,742,902,-1,841,902,903,-1,903,902,904,-1,903,904,905,-1,905,904,906,-1,905,906,907,-1,907,906,908,-1,907,908,726,-1,726,908,271,-1,726,271,267,-1,900,277,901,-1,901,277,275,-1,901,275,273,-1,741,842,742,-1,742,842,895,-1,742,895,902,-1,902,895,897,-1,902,897,904,-1,904,897,899,-1,904,899,906,-1,906,899,901,-1,906,901,908,-1,908,901,273,-1,908,273,271,-1,744,840,745,-1,745,840,888,-1,745,888,894,-1,894,888,890,-1,894,890,896,-1,896,890,892,-1,896,892,898,-1,898,892,727,-1,898,727,900,-1,900,727,280,-1,900,280,277,-1,909,910,911,-1,911,910,912,-1,911,912,913,-1,913,912,914,-1,913,914,915,-1,915,914,916,-1,915,916,917,-1,917,916,918,-1,917,918,919,-1,919,918,920,-1,919,920,921,-1,921,920,922,-1,921,922,923,-1,923,922,924,-1,923,924,925,-1,925,924,926,-1,925,926,927,-1,927,926,928,-1,927,928,929,-1,929,928,930,-1,929,930,931,-1,931,930,932,-1,931,932,933,-1,933,932,934,-1,933,934,935,-1,935,934,936,-1,935,936,937,-1,937,936,938,-1,937,938,939,-1,939,938,940,-1,737,739,843,-1,843,739,941,-1,843,941,942,-1,942,941,943,-1,942,943,944,-1,944,943,945,-1,944,945,946,-1,946,945,947,-1,946,947,948,-1,734,736,844,-1,844,736,949,-1,844,949,950,-1,950,949,951,-1,950,951,952,-1,952,951,953,-1,952,953,954,-1,954,953,955,-1,954,955,725,-1,725,955,259,-1,725,259,251,-1,947,253,948,-1,948,253,255,-1,948,255,257,-1,735,843,736,-1,736,843,942,-1,736,942,949,-1,949,942,944,-1,949,944,951,-1,951,944,946,-1,951,946,953,-1,953,946,948,-1,953,948,955,-1,955,948,257,-1,955,257,259,-1,731,733,847,-1,847,733,956,-1,847,956,957,-1,957,956,958,-1,957,958,959,-1,959,958,960,-1,959,960,961,-1,961,960,962,-1,961,962,963,-1,728,730,846,-1,846,730,964,-1,846,964,965,-1,965,964,966,-1,965,966,967,-1,967,966,968,-1,967,968,969,-1,969,968,970,-1,969,970,724,-1,724,970,239,-1,724,239,235,-1,962,245,963,-1,963,245,243,-1,963,243,241,-1,729,847,730,-1,730,847,957,-1,730,957,964,-1,964,957,959,-1,964,959,966,-1,966,959,961,-1,966,961,968,-1,968,961,963,-1,968,963,970,-1,970,963,241,-1,970,241,239,-1,732,844,733,-1,733,844,950,-1,733,950,956,-1,956,950,952,-1,956,952,958,-1,958,952,954,-1,958,954,960,-1,960,954,725,-1,960,725,962,-1,962,725,248,-1,962,248,245,-1,838,940,836,-1,836,940,938,-1,836,938,834,-1,834,938,936,-1,834,936,832,-1,832,936,934,-1,832,934,831,-1,831,934,932,-1,831,932,830,-1,830,932,930,-1,830,930,829,-1,829,930,928,-1,829,928,827,-1,827,928,926,-1,827,926,826,-1,826,926,924,-1,826,924,825,-1,825,924,922,-1,825,922,824,-1,824,922,920,-1,824,920,823,-1,823,920,918,-1,823,918,822,-1,822,918,916,-1,822,916,821,-1,821,916,914,-1,821,914,820,-1,820,914,912,-1,820,912,819,-1,819,912,910,-1,738,841,739,-1,739,841,903,-1,739,903,941,-1,941,903,905,-1,941,905,943,-1,943,905,907,-1,943,907,945,-1,945,907,726,-1,945,726,947,-1,947,726,262,-1,947,262,253,-1,939,878,937,-1,937,878,876,-1,937,876,935,-1,935,876,874,-1,935,874,933,-1,933,874,872,-1,933,872,931,-1,931,872,870,-1,931,870,929,-1,929,870,868,-1,929,868,927,-1,927,868,866,-1,927,866,925,-1,925,866,864,-1,925,864,923,-1,923,864,862,-1,923,862,921,-1,921,862,860,-1,921,860,919,-1,919,860,858,-1,919,858,917,-1,917,858,856,-1,917,856,915,-1,915,856,854,-1,915,854,913,-1,913,854,852,-1,913,852,911,-1,911,852,850,-1,911,850,909,-1,909,850,848,-1,808,807,971,-1,971,807,972,-1,971,972,973,-1,973,972,974,-1,974,972,975,-1,974,975,976,-1,976,975,977,-1,977,975,978,-1,977,978,979,-1,979,978,980,-1,980,978,981,-1,980,981,982,-1,983,984,981,-1,981,984,985,-1,981,985,982,-1,986,987,988,-1,988,989,986,-1,986,989,990,-1,986,990,983,-1,983,990,991,-1,983,991,984,-1,992,993,987,-1,987,993,994,-1,987,994,988,-1,995,996,992,-1,992,996,997,-1,992,997,993,-1,998,999,1000,-1,1000,999,1001,-1,1000,1001,995,-1,995,1001,1002,-1,995,1002,996,-1,998,1000,1003,-1,1003,1000,1004,-1,1003,1004,1005,-1,1006,1007,1008,-1,1008,1009,1006,-1,1006,1009,1010,-1,1006,1010,1004,-1,1004,1010,1011,-1,1004,1011,1005,-1,1012,1013,1014,-1,1014,1013,1015,-1,1014,1015,1007,-1,1007,1015,1016,-1,1007,1016,1008,-1,754,1017,755,-1,755,1017,1018,-1,755,1018,1012,-1,1012,1018,1019,-1,1012,1019,1013,-1,1020,1012,1021,-1,1021,1012,1014,-1,1021,1014,1022,-1,1022,1014,1007,-1,1022,1007,1023,-1,1023,1007,1006,-1,1023,1006,1024,-1,1024,1006,1004,-1,1024,1004,1025,-1,1025,1004,1000,-1,1025,1000,1026,-1,1026,1000,995,-1,1026,995,1027,-1,1027,995,992,-1,1027,992,1028,-1,1028,992,987,-1,1028,987,1029,-1,1029,987,986,-1,1029,986,1030,-1,1030,986,983,-1,1030,983,1031,-1,1031,983,981,-1,1031,981,1032,-1,1032,981,978,-1,1032,978,1033,-1,1033,978,975,-1,1033,975,1034,-1,1034,975,972,-1,1034,972,1035,-1,1035,972,807,-1,1035,807,1036,-1,1036,807,799,-1,1036,799,1037,-1,1037,799,802,-1,1037,802,1038,-1,1038,802,796,-1,1038,796,1039,-1,1039,796,791,-1,1039,791,1040,-1,1040,791,790,-1,1040,790,1041,-1,1041,790,787,-1,1041,787,1042,-1,1042,787,784,-1,1042,784,1043,-1,1043,784,779,-1,1043,779,1044,-1,1044,779,769,-1,1044,769,1045,-1,1045,769,771,-1,1045,771,1046,-1,1046,771,776,-1,1046,776,1047,-1,1047,776,764,-1,1047,764,1048,-1,1048,764,763,-1,1048,763,1049,-1,1049,763,761,-1,1049,761,1050,-1,1050,761,757,-1,1050,757,1051,-1,1051,757,755,-1,1051,755,1020,-1,1020,755,1012,-1,1052,1053,1054,-1,1054,1053,1055,-1,1054,1055,1056,-1,1056,1055,1057,-1,1056,1057,1058,-1,1058,1057,1059,-1,1058,1059,1060,-1,1060,1059,1061,-1,1060,1061,1062,-1,1062,1061,1063,-1,1062,1063,1064,-1,1064,1063,1065,-1,1064,1065,1066,-1,1066,1065,1067,-1,1066,1067,1068,-1,1068,1067,1069,-1,1068,1069,1070,-1,1070,1069,1071,-1,1070,1071,1072,-1,1072,1071,1073,-1,1072,1073,1074,-1,1074,1073,1075,-1,1074,1075,1076,-1,1076,1075,1077,-1,1076,1077,1078,-1,1078,1077,1079,-1,1078,1079,1080,-1,1080,1079,1081,-1,1080,1081,1082,-1,1082,1081,1083,-1,1082,1083,1084,-1,1084,1083,1085,-1,1084,1085,1086,-1,1086,1085,1087,-1,1086,1087,1088,-1,1088,1087,1089,-1,1088,1089,1090,-1,1090,1089,1091,-1,1090,1091,1092,-1,1092,1091,1093,-1,1092,1093,1094,-1,1094,1093,1095,-1,1094,1095,1096,-1,1096,1095,1097,-1,1096,1097,1098,-1,1098,1097,1099,-1,1098,1099,1100,-1,1100,1099,1101,-1,1100,1101,1102,-1,1102,1101,1103,-1,1102,1103,1104,-1,1104,1103,1105,-1,1104,1105,1106,-1,1106,1105,1107,-1,1106,1107,1108,-1,1108,1107,1109,-1,1108,1109,1110,-1,1110,1109,1111,-1,1110,1111,1112,-1,1112,1111,1113,-1,1112,1113,1114,-1,1114,1113,1115,-1,1114,1115,1052,-1,1052,1115,1053,-1,1053,1020,1055,-1,1055,1020,1021,-1,1055,1021,1057,-1,1057,1021,1022,-1,1057,1022,1059,-1,1059,1022,1023,-1,1059,1023,1061,-1,1061,1023,1024,-1,1061,1024,1063,-1,1063,1024,1025,-1,1063,1025,1065,-1,1065,1025,1026,-1,1065,1026,1067,-1,1067,1026,1027,-1,1067,1027,1069,-1,1069,1027,1028,-1,1069,1028,1071,-1,1071,1028,1029,-1,1071,1029,1073,-1,1073,1029,1030,-1,1073,1030,1075,-1,1075,1030,1031,-1,1075,1031,1077,-1,1077,1031,1032,-1,1077,1032,1079,-1,1079,1032,1033,-1,1079,1033,1081,-1,1081,1033,1034,-1,1081,1034,1083,-1,1083,1034,1035,-1,1083,1035,1085,-1,1085,1035,1036,-1,1085,1036,1087,-1,1087,1036,1037,-1,1087,1037,1089,-1,1089,1037,1038,-1,1089,1038,1091,-1,1091,1038,1039,-1,1091,1039,1093,-1,1093,1039,1040,-1,1093,1040,1095,-1,1095,1040,1041,-1,1095,1041,1097,-1,1097,1041,1042,-1,1097,1042,1099,-1,1099,1042,1043,-1,1099,1043,1101,-1,1101,1043,1044,-1,1101,1044,1103,-1,1103,1044,1045,-1,1103,1045,1105,-1,1105,1045,1046,-1,1105,1046,1107,-1,1107,1046,1047,-1,1107,1047,1109,-1,1109,1047,1048,-1,1109,1048,1111,-1,1111,1048,1049,-1,1111,1049,1113,-1,1113,1049,1050,-1,1113,1050,1115,-1,1115,1050,1051,-1,1115,1051,1053,-1,1053,1051,1020,-1,750,878,751,-1,751,878,939,-1,751,939,879,-1,879,939,940,-1,879,940,881,-1,881,940,838,-1,881,838,883,-1,883,838,839,-1,883,839,885,-1,885,839,168,-1,885,168,167,-1,845,846,848,-1,848,846,965,-1,848,965,909,-1,909,965,967,-1,909,967,910,-1,910,967,969,-1,910,969,819,-1,819,969,724,-1,819,724,753,-1,753,724,230,-1,753,230,221,-1,849,1052,845,-1,845,1052,1054,-1,845,1054,728,-1,728,1054,1056,-1,728,1056,729,-1,729,1056,1058,-1,729,1058,731,-1,731,1058,1060,-1,731,1060,732,-1,732,1060,1062,-1,732,1062,734,-1,734,1062,1064,-1,734,1064,735,-1,735,1064,1066,-1,735,1066,737,-1,737,1066,1068,-1,737,1068,738,-1,738,1068,1070,-1,738,1070,740,-1,740,1070,1072,-1,740,1072,741,-1,741,1072,1074,-1,741,1074,743,-1,743,1074,1076,-1,743,1076,744,-1,744,1076,1078,-1,744,1078,746,-1,746,1078,1080,-1,746,1080,747,-1,747,1080,1082,-1,747,1082,749,-1,749,1082,1084,-1,749,1084,750,-1,750,1084,1086,-1,750,1086,877,-1,877,1086,1088,-1,877,1088,875,-1,875,1088,1090,-1,875,1090,873,-1,873,1090,1092,-1,873,1092,871,-1,871,1092,1094,-1,871,1094,869,-1,869,1094,1096,-1,869,1096,867,-1,867,1096,1098,-1,867,1098,865,-1,865,1098,1100,-1,865,1100,863,-1,863,1100,1102,-1,863,1102,861,-1,861,1102,1104,-1,861,1104,859,-1,859,1104,1106,-1,859,1106,857,-1,857,1106,1108,-1,857,1108,855,-1,855,1108,1110,-1,855,1110,853,-1,853,1110,1112,-1,853,1112,851,-1,851,1112,1114,-1,851,1114,849,-1,849,1114,1052,-1,330,310,1116,-1,236,234,1117,-1,1117,234,233,-1,244,246,1118,-1,250,252,1119,-1,1119,252,261,-1,254,264,1120,-1,268,266,1121,-1,1121,266,265,-1,276,278,1122,-1,282,284,1123,-1,1123,284,293,-1,286,285,1124,-1,1125,311,326,-1,1126,321,318,-1,1127,1128,1129,-1,1130,306,305,-1,1131,1132,1133,-1,172,170,1134,-1,1134,170,169,-1,180,182,1135,-1,186,188,1136,-1,1136,188,197,-1,190,200,1137,-1,204,202,1138,-1,1138,202,201,-1,212,214,1139,-1,218,220,1140,-1,1140,220,229,-1,222,1141,1142,-1,229,228,1143,-1,1143,228,226,-1,229,1144,1140,-1,1140,1144,217,-1,1140,217,218,-1,1145,1146,1147,-1,1147,1146,224,-1,1147,224,1148,-1,226,224,1143,-1,1143,224,1146,-1,1143,1146,229,-1,229,1146,1145,-1,229,1145,1144,-1,1144,1145,1149,-1,1144,1149,217,-1,217,1149,1150,-1,201,206,1151,-1,1151,206,208,-1,214,215,1139,-1,1139,215,1152,-1,1139,1152,212,-1,212,1152,210,-1,201,1153,1138,-1,1138,1153,205,-1,1138,205,204,-1,215,217,1152,-1,1152,217,1150,-1,1152,1150,210,-1,210,1150,1154,-1,210,1154,1155,-1,1155,1154,1156,-1,208,210,1151,-1,1151,210,1155,-1,1151,1155,201,-1,201,1155,1156,-1,201,1156,1153,-1,1153,1156,1157,-1,1153,1157,205,-1,205,1157,1158,-1,197,196,1159,-1,1159,196,194,-1,200,199,1137,-1,1137,199,1160,-1,1137,1160,190,-1,190,1160,192,-1,197,1161,1136,-1,1136,1161,185,-1,1136,185,186,-1,199,205,1160,-1,1160,205,1158,-1,1160,1158,192,-1,192,1158,1162,-1,192,1162,1163,-1,1163,1162,1164,-1,194,192,1159,-1,1159,192,1163,-1,1159,1163,197,-1,197,1163,1164,-1,197,1164,1161,-1,1161,1164,1165,-1,1161,1165,185,-1,185,1165,1166,-1,169,174,1167,-1,1167,174,176,-1,182,183,1135,-1,1135,183,1168,-1,1135,1168,180,-1,180,1168,178,-1,169,1169,1134,-1,1134,1169,173,-1,1134,173,172,-1,183,185,1168,-1,1168,185,1166,-1,1168,1166,178,-1,178,1166,1170,-1,178,1170,1171,-1,1171,1170,1172,-1,176,178,1167,-1,1167,178,1171,-1,1167,1171,169,-1,169,1171,1172,-1,169,1172,1169,-1,1169,1172,1173,-1,1169,1173,173,-1,173,1173,1174,-1,1175,1176,1177,-1,1177,1176,1178,-1,1177,1178,1179,-1,1179,1178,1180,-1,1181,1182,1179,-1,1181,1179,1183,-1,1184,1185,1175,-1,1175,1185,1186,-1,1175,1186,1176,-1,1187,1188,1189,-1,1189,1188,1190,-1,1191,1192,1193,-1,1194,1195,1196,-1,1196,1195,1197,-1,1116,310,1198,-1,1198,310,309,-1,1198,309,1199,-1,1199,309,308,-1,1199,308,307,-1,1188,1130,1190,-1,1190,1130,305,-1,1190,305,1189,-1,1189,305,304,-1,1189,304,1187,-1,1187,304,1200,-1,1187,1200,1188,-1,1188,1200,1192,-1,1188,1192,1201,-1,1201,1192,1191,-1,1201,1191,1202,-1,1131,1197,1203,-1,1203,1197,1195,-1,1203,1195,1204,-1,1204,1195,1194,-1,1205,1206,1193,-1,1193,1206,1207,-1,1207,1208,1193,-1,1193,1208,1209,-1,1193,1209,1191,-1,1191,1209,1210,-1,1191,1210,1202,-1,1202,1210,1133,-1,1202,1133,1211,-1,1211,1133,1132,-1,1131,1133,1197,-1,1197,1133,1210,-1,1197,1210,1196,-1,1196,1210,1209,-1,1196,1209,1212,-1,1212,1209,1208,-1,1212,1208,1213,-1,301,1214,294,-1,294,1214,1215,-1,1216,1217,1218,-1,1218,1217,1219,-1,1218,1219,1220,-1,1221,1222,1213,-1,1221,1213,1223,-1,1224,1216,1225,-1,1225,1216,1218,-1,1225,1218,1129,-1,1129,1218,1220,-1,1129,1220,1127,-1,1226,1224,1227,-1,1227,1224,1228,-1,1229,1230,1208,-1,1208,1230,1231,-1,1208,1231,1213,-1,1213,1231,1232,-1,1213,1232,1223,-1,1223,1232,322,-1,1223,322,1221,-1,1221,322,321,-1,1221,321,1222,-1,1222,321,1126,-1,1222,1126,1213,-1,1233,1234,1217,-1,1217,1234,1235,-1,1217,1235,1219,-1,1236,1128,1237,-1,1237,1128,1127,-1,1237,1127,1238,-1,1238,1127,1220,-1,1238,1220,1239,-1,1239,1220,1219,-1,1239,1219,1240,-1,1240,1219,1235,-1,1240,1235,1241,-1,1241,1235,1234,-1,1241,1234,1242,-1,1242,1234,1233,-1,1242,1233,1243,-1,1244,303,1245,-1,1245,303,302,-1,1245,302,1246,-1,1246,302,295,-1,304,303,1200,-1,1200,303,1244,-1,1200,1244,1192,-1,1192,1244,1245,-1,1192,1245,1193,-1,1193,1245,1246,-1,1193,1246,1205,-1,1205,1246,295,-1,1205,295,1206,-1,1206,295,294,-1,1206,294,1207,-1,1207,294,1215,-1,1207,1215,1208,-1,1208,1215,1214,-1,1208,1214,1229,-1,1229,1214,301,-1,1229,301,1230,-1,1230,301,297,-1,1230,297,1231,-1,1231,297,299,-1,1231,299,1232,-1,1232,299,300,-1,1232,300,322,-1,1247,1248,1249,-1,1249,1248,1250,-1,1247,1251,1252,-1,1253,1254,1255,-1,1256,1257,1258,-1,1258,1257,1259,-1,1258,1259,1260,-1,1247,1252,1248,-1,1248,1252,1261,-1,1248,1261,1250,-1,1251,1253,1262,-1,1262,1253,1255,-1,1262,1255,1263,-1,1264,1265,1266,-1,1267,1268,1269,-1,1269,1268,1270,-1,1269,1270,1271,-1,1271,1270,1264,-1,1271,1264,1272,-1,1272,1264,1266,-1,1272,1266,1273,-1,320,329,1274,-1,1274,329,328,-1,1275,1276,1273,-1,1273,1276,1277,-1,1277,1278,1273,-1,1273,1278,1279,-1,1273,1279,1272,-1,1272,1279,1263,-1,1272,1263,1271,-1,1271,1263,1255,-1,1271,1255,1269,-1,1269,1255,1254,-1,1269,1254,1267,-1,1251,1262,1252,-1,1252,1262,1263,-1,1252,1263,1261,-1,1261,1263,1279,-1,1261,1279,1280,-1,1280,1279,1278,-1,1280,1278,1281,-1,316,1282,317,-1,317,1282,1283,-1,298,1284,327,-1,327,1284,1285,-1,327,1285,328,-1,328,1285,1286,-1,328,1286,1274,-1,1287,1260,1288,-1,1288,1260,1259,-1,1288,1259,1289,-1,1289,1259,1257,-1,1290,1291,1292,-1,1293,1294,1295,-1,1295,1294,1289,-1,1295,1289,1296,-1,1296,1289,1257,-1,1296,1257,1297,-1,1297,1257,1256,-1,1297,1256,1298,-1,1299,1300,1281,-1,1299,1281,1301,-1,1302,1293,1303,-1,1303,1293,1304,-1,1305,1306,1278,-1,1278,1306,1307,-1,1278,1307,1281,-1,1281,1307,1308,-1,1281,1308,1301,-1,1301,1308,312,-1,1301,312,1299,-1,1299,312,311,-1,1299,311,1300,-1,1300,311,1125,-1,1300,1125,1281,-1,1287,1288,1309,-1,1309,1288,1289,-1,1309,1289,1310,-1,1310,1289,1294,-1,1310,1294,1311,-1,1311,1312,1313,-1,1314,1315,1313,-1,1313,1315,1316,-1,1317,1318,1180,-1,1180,1318,1319,-1,1320,324,1321,-1,1321,324,325,-1,1321,325,1322,-1,1322,325,323,-1,1311,1294,1312,-1,1312,1294,1293,-1,1312,1293,1323,-1,1323,1293,1302,-1,1323,1302,296,-1,296,1302,1303,-1,296,1303,326,-1,326,1303,1304,-1,326,1304,1125,-1,1125,1304,1293,-1,1125,1293,1281,-1,1281,1293,1295,-1,1281,1295,1280,-1,1280,1295,1296,-1,1280,1296,1261,-1,1261,1296,1297,-1,1261,1297,1250,-1,1250,1297,1298,-1,1250,1298,1249,-1,1186,1324,1176,-1,1176,1324,1325,-1,1176,1325,1326,-1,1180,1178,1327,-1,1327,1178,1176,-1,1327,1176,1290,-1,1290,1176,1326,-1,1290,1326,1291,-1,1328,1292,1329,-1,1329,1292,1291,-1,1329,1291,1330,-1,1330,1291,1326,-1,1330,1326,1331,-1,1331,1326,1325,-1,1331,1325,1332,-1,1332,1325,1324,-1,1332,1324,1333,-1,1333,1324,1186,-1,1333,1186,1334,-1,1334,1186,1185,-1,1334,1185,1335,-1,1335,1185,1184,-1,1335,1184,1336,-1,285,166,1124,-1,1124,166,1337,-1,1124,1337,286,-1,286,1337,288,-1,293,292,1338,-1,1338,292,290,-1,166,173,1337,-1,1337,173,1174,-1,1337,1174,288,-1,288,1174,1339,-1,288,1339,1340,-1,1340,1339,1341,-1,293,1342,1123,-1,1123,1342,281,-1,1123,281,282,-1,290,288,1338,-1,1338,288,1340,-1,1338,1340,293,-1,293,1340,1341,-1,293,1341,1342,-1,1342,1341,1343,-1,1342,1343,281,-1,281,1343,1344,-1,278,279,1122,-1,1122,279,1345,-1,1122,1345,276,-1,276,1345,274,-1,265,270,1346,-1,1346,270,272,-1,279,281,1345,-1,1345,281,1344,-1,1345,1344,274,-1,274,1344,1347,-1,274,1347,1348,-1,1348,1347,1349,-1,265,1350,1121,-1,1121,1350,269,-1,1121,269,268,-1,272,274,1346,-1,1346,274,1348,-1,1346,1348,265,-1,265,1348,1349,-1,265,1349,1350,-1,1350,1349,1351,-1,1350,1351,269,-1,269,1351,1352,-1,264,263,1120,-1,1120,263,1353,-1,1120,1353,254,-1,254,1353,256,-1,261,260,1354,-1,1354,260,258,-1,263,269,1353,-1,1353,269,1352,-1,1353,1352,256,-1,256,1352,1355,-1,256,1355,1356,-1,1356,1355,1357,-1,261,1358,1119,-1,1119,1358,249,-1,1119,249,250,-1,258,256,1354,-1,1354,256,1356,-1,1354,1356,261,-1,261,1356,1357,-1,261,1357,1358,-1,1358,1357,1359,-1,1358,1359,249,-1,249,1359,1360,-1,246,247,1118,-1,1118,247,1361,-1,1118,1361,244,-1,244,1361,242,-1,233,238,1362,-1,1362,238,240,-1,247,249,1361,-1,1361,249,1360,-1,1361,1360,242,-1,242,1360,1363,-1,242,1363,1364,-1,1364,1363,1365,-1,233,1366,1117,-1,1117,1366,237,-1,1117,237,236,-1,237,1142,231,-1,231,1142,1141,-1,231,1141,232,-1,232,1141,222,-1,240,242,1362,-1,1362,242,1364,-1,1362,1364,233,-1,233,1364,1365,-1,233,1365,1366,-1,1366,1365,1367,-1,1366,1367,237,-1,237,1367,1148,-1,237,1148,1142,-1,1142,1148,224,-1,1142,224,222,-1,1368,1367,1369,-1,1369,1367,1365,-1,1369,1365,1370,-1,1370,1365,1363,-1,1370,1363,1371,-1,1371,1363,1360,-1,1371,1360,1372,-1,1372,1360,1359,-1,1372,1359,1373,-1,1373,1359,1357,-1,1373,1357,1374,-1,1374,1357,1355,-1,1374,1355,1375,-1,1375,1355,1352,-1,1375,1352,1376,-1,1376,1352,1351,-1,1376,1351,1377,-1,1377,1351,1349,-1,1377,1349,1378,-1,1378,1349,1347,-1,1378,1347,1379,-1,1379,1347,1344,-1,1379,1344,1380,-1,1380,1344,1343,-1,1380,1343,1381,-1,1381,1343,1341,-1,1381,1341,1382,-1,1382,1341,1339,-1,1382,1339,1383,-1,1383,1339,1174,-1,1383,1174,1384,-1,1384,1174,1173,-1,1384,1173,1385,-1,1385,1173,1172,-1,1385,1172,1386,-1,1386,1172,1170,-1,1386,1170,1387,-1,1387,1170,1166,-1,1387,1166,1388,-1,1388,1166,1165,-1,1388,1165,1389,-1,1389,1165,1164,-1,1389,1164,1390,-1,1390,1164,1162,-1,1390,1162,1391,-1,1391,1162,1158,-1,1391,1158,1392,-1,1392,1158,1157,-1,1392,1157,1393,-1,1393,1157,1156,-1,1393,1156,1394,-1,1394,1156,1154,-1,1394,1154,1395,-1,1395,1154,1150,-1,1395,1150,1396,-1,1396,1150,1149,-1,1396,1149,1397,-1,1397,1149,1145,-1,1397,1145,1398,-1,1398,1145,1147,-1,1398,1147,1399,-1,1399,1147,1148,-1,1399,1148,1368,-1,1368,1148,1367,-1,1400,1368,1401,-1,1401,1368,1369,-1,1401,1369,1402,-1,1402,1369,1370,-1,1402,1370,1403,-1,1403,1370,1371,-1,1403,1371,1404,-1,1404,1371,1372,-1,1404,1372,1405,-1,1405,1372,1373,-1,1405,1373,1406,-1,1406,1373,1374,-1,1406,1374,1407,-1,1407,1374,1375,-1,1407,1375,1408,-1,1408,1375,1376,-1,1408,1376,1409,-1,1409,1376,1377,-1,1409,1377,1410,-1,1410,1377,1378,-1,1410,1378,1411,-1,1411,1378,1379,-1,1411,1379,1412,-1,1412,1379,1380,-1,1412,1380,1413,-1,1413,1380,1381,-1,1413,1381,1414,-1,1414,1381,1382,-1,1414,1382,1415,-1,1415,1382,1383,-1,1415,1383,1416,-1,1416,1383,1384,-1,1416,1384,1417,-1,1417,1384,1385,-1,1417,1385,1418,-1,1418,1385,1386,-1,1418,1386,1419,-1,1419,1386,1387,-1,1419,1387,1420,-1,1420,1387,1388,-1,1420,1388,1421,-1,1421,1388,1389,-1,1421,1389,1422,-1,1422,1389,1390,-1,1422,1390,1423,-1,1423,1390,1391,-1,1423,1391,1424,-1,1424,1391,1392,-1,1424,1392,1425,-1,1425,1392,1393,-1,1425,1393,1426,-1,1426,1393,1394,-1,1426,1394,1427,-1,1427,1394,1395,-1,1427,1395,1428,-1,1428,1395,1396,-1,1428,1396,1429,-1,1429,1396,1397,-1,1429,1397,1430,-1,1430,1397,1398,-1,1430,1398,1431,-1,1431,1398,1399,-1,1431,1399,1400,-1,1400,1399,1368,-1,1267,1243,1268,-1,1268,1243,1233,-1,1268,1233,1270,-1,1270,1233,1217,-1,1270,1217,1264,-1,1264,1217,1216,-1,1264,1216,1265,-1,1265,1216,1224,-1,1265,1224,1432,-1,1432,1224,1226,-1,1432,1226,319,-1,319,1226,1227,-1,319,1227,318,-1,318,1227,1228,-1,318,1228,1126,-1,1126,1228,1224,-1,1126,1224,1213,-1,1213,1224,1225,-1,1213,1225,1212,-1,1212,1225,1129,-1,1212,1129,1196,-1,1196,1129,1128,-1,1196,1128,1194,-1,1194,1128,1236,-1,1194,1236,1204,-1,319,320,1432,-1,1432,320,1274,-1,1432,1274,1265,-1,1265,1274,1286,-1,1265,1286,1266,-1,1266,1286,1285,-1,1266,1285,1273,-1,1273,1285,1284,-1,1273,1284,1275,-1,1275,1284,298,-1,1275,298,1276,-1,1276,298,317,-1,1276,317,1277,-1,1277,317,1283,-1,1277,1283,1278,-1,1278,1283,1282,-1,1278,1282,1305,-1,1305,1282,316,-1,1305,316,1306,-1,1306,316,315,-1,1306,315,1307,-1,1307,315,314,-1,1307,314,1308,-1,1308,314,313,-1,1308,313,312,-1,296,324,1323,-1,1323,324,1320,-1,1323,1320,1312,-1,1312,1320,1321,-1,1312,1321,1313,-1,1313,1321,1322,-1,1313,1322,1314,-1,1314,1322,323,-1,1314,323,1315,-1,1315,323,331,-1,1315,331,1316,-1,1132,1336,1211,-1,1211,1336,1184,-1,1211,1184,1202,-1,1202,1184,1175,-1,1202,1175,1201,-1,1201,1175,1177,-1,1201,1177,1188,-1,1188,1177,1179,-1,1188,1179,1130,-1,1130,1179,1182,-1,1130,1182,306,-1,306,1182,1181,-1,306,1181,307,-1,307,1181,1183,-1,307,1183,1199,-1,1199,1183,1179,-1,1199,1179,1198,-1,1198,1179,1180,-1,1198,1180,1116,-1,1116,1180,1319,-1,1116,1319,330,-1,330,1319,1318,-1,330,1318,331,-1,331,1318,1317,-1,331,1317,1316,-1,1316,1317,1180,-1,1316,1180,1313,-1,1313,1180,1327,-1,1313,1327,1311,-1,1311,1327,1290,-1,1311,1290,1310,-1,1310,1290,1292,-1,1310,1292,1309,-1,1309,1292,1328,-1,1309,1328,1287,-1,1330,1400,1329,-1,1329,1400,1401,-1,1329,1401,1328,-1,1328,1401,1402,-1,1328,1402,1287,-1,1287,1402,1403,-1,1287,1403,1260,-1,1260,1403,1404,-1,1260,1404,1258,-1,1258,1404,1405,-1,1258,1405,1256,-1,1256,1405,1406,-1,1256,1406,1298,-1,1298,1406,1407,-1,1298,1407,1249,-1,1249,1407,1408,-1,1249,1408,1247,-1,1247,1408,1409,-1,1247,1409,1251,-1,1251,1409,1410,-1,1251,1410,1253,-1,1253,1410,1411,-1,1253,1411,1254,-1,1254,1411,1412,-1,1254,1412,1267,-1,1267,1412,1413,-1,1267,1413,1243,-1,1243,1413,1414,-1,1243,1414,1242,-1,1242,1414,1415,-1,1242,1415,1241,-1,1241,1415,1416,-1,1241,1416,1240,-1,1240,1416,1417,-1,1240,1417,1239,-1,1239,1417,1418,-1,1239,1418,1238,-1,1238,1418,1419,-1,1238,1419,1237,-1,1237,1419,1420,-1,1237,1420,1236,-1,1236,1420,1421,-1,1236,1421,1204,-1,1204,1421,1422,-1,1204,1422,1203,-1,1203,1422,1423,-1,1203,1423,1131,-1,1131,1423,1424,-1,1131,1424,1132,-1,1132,1424,1425,-1,1132,1425,1336,-1,1336,1425,1426,-1,1336,1426,1335,-1,1335,1426,1427,-1,1335,1427,1334,-1,1334,1427,1428,-1,1334,1428,1333,-1,1333,1428,1429,-1,1333,1429,1332,-1,1332,1429,1430,-1,1332,1430,1331,-1,1331,1430,1431,-1,1331,1431,1330,-1,1330,1431,1400,-1,120,119,1433,-1,1434,164,163,-1,118,127,1435,-1,1436,127,1437,-1,1437,127,126,-1,118,1435,116,-1,1438,99,1439,-1,1439,99,104,-1,1440,95,1441,-1,1441,95,94,-1,1442,67,1443,-1,1443,67,72,-1,54,63,1444,-1,1445,63,62,-1,54,1444,52,-1,36,35,1446,-1,46,1447,1448,-1,1449,35,40,-1,36,1446,38,-1,22,31,1450,-1,24,1451,1452,-1,1453,31,30,-1,22,1450,20,-1,4,3,1454,-1,14,1455,1456,-1,1457,3,8,-1,4,1454,6,-1,1458,1459,1460,-1,1460,1459,1461,-1,1460,1461,131,-1,1462,1463,1458,-1,1458,1463,1464,-1,133,132,1465,-1,1465,132,1466,-1,134,133,1467,-1,1467,133,1465,-1,1467,1465,1459,-1,1459,1465,1466,-1,1459,1466,1461,-1,1461,1466,132,-1,1461,132,131,-1,1468,151,1469,-1,1469,151,130,-1,1470,1471,1472,-1,1472,1471,1473,-1,1472,1473,1474,-1,1475,1476,1477,-1,1475,1477,1478,-1,1459,1471,1467,-1,1467,1471,1470,-1,1467,1470,134,-1,134,1470,1472,-1,134,1472,130,-1,130,1472,1474,-1,130,1474,1469,-1,1469,1474,1473,-1,1469,1473,1468,-1,1468,1473,1479,-1,1468,1479,151,-1,151,1479,135,-1,1480,1481,1482,-1,1482,1481,1483,-1,1482,1483,1484,-1,1485,1486,1487,-1,1487,1486,1488,-1,1487,1488,1489,-1,1489,1488,1484,-1,1489,1484,1490,-1,1490,1484,1483,-1,1491,1492,142,-1,142,1492,1493,-1,142,1493,143,-1,1494,142,141,-1,1473,1477,1479,-1,1479,1477,1476,-1,1479,1476,135,-1,135,1476,1475,-1,135,1475,136,-1,136,1475,1478,-1,136,1478,1495,-1,1495,1478,1477,-1,1495,1477,1496,-1,1496,1477,1497,-1,1496,1497,1498,-1,1498,1497,1499,-1,1497,1494,1499,-1,1499,1494,141,-1,1499,141,1498,-1,1498,141,140,-1,1498,140,1496,-1,1496,140,139,-1,1496,139,1495,-1,1495,139,138,-1,1495,138,136,-1,1500,1501,1502,-1,1502,1501,1503,-1,1502,1503,1504,-1,1504,1503,1505,-1,1504,1505,1506,-1,1507,1508,1509,-1,1509,1510,1507,-1,1507,1510,1511,-1,1507,1511,1512,-1,1512,1511,1513,-1,1512,1513,1514,-1,1485,1515,1486,-1,1486,1515,1516,-1,1486,1516,1508,-1,1508,1516,1517,-1,1508,1517,1509,-1,1513,1518,1514,-1,1514,1518,1519,-1,1514,1519,1520,-1,1520,1519,1521,-1,1520,1521,1522,-1,3,1523,1454,-1,1454,1523,7,-1,1454,7,6,-1,1457,1524,3,-1,3,1524,1525,-1,3,1525,1523,-1,1523,1525,1526,-1,1523,1526,7,-1,7,1526,1527,-1,1528,1529,12,-1,8,10,1457,-1,1457,10,12,-1,1457,12,1524,-1,1524,12,1529,-1,1524,1529,1525,-1,19,1456,17,-1,17,1456,1455,-1,17,1455,16,-1,16,1455,14,-1,31,1530,1450,-1,1450,1530,19,-1,1450,19,20,-1,1453,1531,31,-1,31,1531,1532,-1,31,1532,1530,-1,1530,1532,1533,-1,1530,1533,19,-1,19,1533,1528,-1,19,1528,1456,-1,1456,1528,12,-1,1456,12,14,-1,1534,1535,26,-1,30,28,1453,-1,1453,28,26,-1,1453,26,1531,-1,1531,26,1535,-1,1531,1535,1532,-1,39,1452,33,-1,33,1452,1451,-1,33,1451,34,-1,34,1451,24,-1,35,1536,1446,-1,1446,1536,39,-1,1446,39,38,-1,1449,1537,35,-1,35,1537,1538,-1,35,1538,1536,-1,1536,1538,1539,-1,1536,1539,39,-1,39,1539,1534,-1,39,1534,1452,-1,1452,1534,26,-1,1452,26,24,-1,1540,1541,44,-1,40,42,1449,-1,1449,42,44,-1,1449,44,1537,-1,1537,44,1541,-1,1537,1541,1538,-1,51,1448,49,-1,49,1448,1447,-1,49,1447,48,-1,48,1447,46,-1,63,1542,1444,-1,1444,1542,51,-1,1444,51,52,-1,1445,1543,63,-1,63,1543,1544,-1,63,1544,1542,-1,1542,1544,1545,-1,1542,1545,51,-1,51,1545,1540,-1,51,1540,1448,-1,1448,1540,44,-1,1448,44,46,-1,1546,1547,56,-1,56,1547,58,-1,1548,1549,58,-1,62,60,1445,-1,1445,60,58,-1,1445,58,1543,-1,1543,58,1549,-1,1543,1549,1544,-1,71,1547,65,-1,65,1547,1546,-1,65,1546,66,-1,66,1546,56,-1,71,70,1550,-1,1550,70,68,-1,1550,68,67,-1,58,1547,1548,-1,1548,1547,71,-1,1548,71,1551,-1,1551,71,1552,-1,1551,1552,1553,-1,1554,1555,78,-1,78,1555,76,-1,72,74,1443,-1,1443,74,76,-1,1443,76,1442,-1,71,1550,1552,-1,1552,1550,67,-1,1552,67,1553,-1,1553,67,1442,-1,1553,1442,1556,-1,1556,1442,76,-1,1556,76,1557,-1,83,1555,81,-1,81,1555,1554,-1,81,1554,80,-1,80,1554,78,-1,83,84,1558,-1,1558,84,86,-1,1558,86,95,-1,76,1555,1557,-1,1557,1555,83,-1,1557,83,1559,-1,1559,83,1560,-1,1559,1560,1561,-1,1562,1563,88,-1,88,1563,90,-1,94,92,1441,-1,1441,92,90,-1,1441,90,1440,-1,83,1558,1560,-1,1560,1558,95,-1,1560,95,1561,-1,1561,95,1440,-1,1561,1440,1564,-1,1564,1440,90,-1,1564,90,1565,-1,103,1563,97,-1,97,1563,1562,-1,97,1562,98,-1,98,1562,88,-1,103,102,1566,-1,1566,102,100,-1,1566,100,99,-1,90,1563,1565,-1,1565,1563,103,-1,1565,103,1567,-1,1567,103,1568,-1,1567,1568,1569,-1,1570,1571,110,-1,110,1571,108,-1,104,106,1439,-1,1439,106,108,-1,1439,108,1438,-1,103,1566,1568,-1,1568,1566,99,-1,1568,99,1569,-1,1569,99,1438,-1,1569,1438,1572,-1,1572,1438,108,-1,1572,108,1573,-1,115,1571,113,-1,113,1571,1570,-1,113,1570,112,-1,112,1570,110,-1,108,1571,1573,-1,1573,1571,115,-1,1573,115,1574,-1,1574,115,1575,-1,1574,1575,1576,-1,119,0,1433,-1,1433,0,1577,-1,1433,1577,120,-1,120,1577,122,-1,126,124,1437,-1,1437,124,122,-1,1437,122,1436,-1,0,7,1577,-1,1577,7,1527,-1,1577,1527,122,-1,122,1527,1578,-1,122,1578,1436,-1,1436,1578,1576,-1,1436,1576,127,-1,127,1576,1575,-1,127,1575,1435,-1,1435,1575,115,-1,1435,115,116,-1,1578,1579,1576,-1,1576,1579,1580,-1,1576,1580,1574,-1,1574,1580,1581,-1,1574,1581,1573,-1,1573,1581,1582,-1,1573,1582,1572,-1,1572,1582,1583,-1,1572,1583,1569,-1,1569,1583,1584,-1,1569,1584,1567,-1,1567,1584,1585,-1,1567,1585,1565,-1,1565,1585,1586,-1,1565,1586,1564,-1,1564,1586,1587,-1,1564,1587,1561,-1,1561,1587,1588,-1,1561,1588,1559,-1,1559,1588,1589,-1,1559,1589,1557,-1,1557,1589,1590,-1,1557,1590,1556,-1,1556,1590,1591,-1,1556,1591,1553,-1,1553,1591,1592,-1,1553,1592,1551,-1,1551,1592,1593,-1,1551,1593,1548,-1,1548,1593,1594,-1,1548,1594,1549,-1,1549,1594,1595,-1,1549,1595,1544,-1,1544,1595,1596,-1,1544,1596,1545,-1,1545,1596,1597,-1,1545,1597,1540,-1,1540,1597,1598,-1,1540,1598,1541,-1,1541,1598,1599,-1,1541,1599,1538,-1,1538,1599,1600,-1,1538,1600,1539,-1,1539,1600,1601,-1,1539,1601,1534,-1,1534,1601,1602,-1,1534,1602,1535,-1,1535,1602,1603,-1,1535,1603,1532,-1,1532,1603,1604,-1,1532,1604,1533,-1,1533,1604,1605,-1,1533,1605,1528,-1,1528,1605,1606,-1,1528,1606,1529,-1,1529,1606,1607,-1,1529,1607,1525,-1,1525,1607,1608,-1,1525,1608,1526,-1,1526,1608,1609,-1,1526,1609,1527,-1,1527,1609,1610,-1,1527,1610,1578,-1,1578,1610,1579,-1,1579,1611,1580,-1,1580,1611,1612,-1,1580,1612,1581,-1,1581,1612,1613,-1,1581,1613,1582,-1,1582,1613,1614,-1,1582,1614,1583,-1,1583,1614,1615,-1,1583,1615,1584,-1,1584,1615,1616,-1,1584,1616,1585,-1,1585,1616,1617,-1,1585,1617,1586,-1,1586,1617,1618,-1,1586,1618,1587,-1,1587,1618,1619,-1,1587,1619,1588,-1,1588,1619,1620,-1,1588,1620,1589,-1,1589,1620,1621,-1,1589,1621,1590,-1,1590,1621,1622,-1,1590,1622,1591,-1,1591,1622,1623,-1,1591,1623,1592,-1,1592,1623,1624,-1,1592,1624,1593,-1,1593,1624,1625,-1,1593,1625,1594,-1,1594,1625,1626,-1,1594,1626,1595,-1,1595,1626,1627,-1,1595,1627,1596,-1,1596,1627,1628,-1,1596,1628,1597,-1,1597,1628,1629,-1,1597,1629,1598,-1,1598,1629,1630,-1,1598,1630,1599,-1,1599,1630,1631,-1,1599,1631,1600,-1,1600,1631,1632,-1,1600,1632,1601,-1,1601,1632,1633,-1,1601,1633,1602,-1,1602,1633,1634,-1,1602,1634,1603,-1,1603,1634,1635,-1,1603,1635,1604,-1,1604,1635,1636,-1,1604,1636,1605,-1,1605,1636,1637,-1,1605,1637,1606,-1,1606,1637,1638,-1,1606,1638,1607,-1,1607,1638,1639,-1,1607,1639,1608,-1,1608,1639,1640,-1,1608,1640,1609,-1,1609,1640,1641,-1,1609,1641,1610,-1,1610,1641,1642,-1,1610,1642,1579,-1,1579,1642,1611,-1,1611,1643,1612,-1,1612,1643,1644,-1,1612,1644,1613,-1,1613,1644,1645,-1,1613,1645,1614,-1,1614,1645,1646,-1,1614,1646,1615,-1,1615,1646,1647,-1,1615,1647,1616,-1,1616,1647,1648,-1,1616,1648,1617,-1,1617,1648,1649,-1,1617,1649,1618,-1,1618,1649,1650,-1,1618,1650,1619,-1,1619,1650,1651,-1,1619,1651,1620,-1,1620,1651,1652,-1,1620,1652,1621,-1,1621,1652,1653,-1,1621,1653,1622,-1,1622,1653,1654,-1,1622,1654,1623,-1,1623,1654,1655,-1,1623,1655,1624,-1,1624,1655,1656,-1,1624,1656,1625,-1,1625,1656,1657,-1,1625,1657,1626,-1,1626,1657,1658,-1,1626,1658,1627,-1,1627,1658,1659,-1,1627,1659,1628,-1,1628,1659,1660,-1,1628,1660,1629,-1,1629,1660,1661,-1,1629,1661,1630,-1,1630,1661,1662,-1,1630,1662,1631,-1,1631,1662,1663,-1,1631,1663,1632,-1,1632,1663,1664,-1,1632,1664,1633,-1,1633,1664,1665,-1,1633,1665,1634,-1,1634,1665,1666,-1,1634,1666,1635,-1,1635,1666,1667,-1,1635,1667,1636,-1,1636,1667,1668,-1,1636,1668,1637,-1,1637,1668,1669,-1,1637,1669,1638,-1,1638,1669,1670,-1,1638,1670,1639,-1,1639,1670,1671,-1,1639,1671,1640,-1,1640,1671,1672,-1,1640,1672,1641,-1,1641,1672,1673,-1,1641,1673,1642,-1,1642,1673,1674,-1,1642,1674,1611,-1,1611,1674,1643,-1,1675,152,1676,-1,1676,152,153,-1,142,1494,1491,-1,1491,1494,1497,-1,1491,1497,1492,-1,1492,1497,1504,-1,1492,1504,1493,-1,1493,1504,1506,-1,1493,1506,143,-1,143,1506,1505,-1,143,1505,157,-1,157,1505,1503,-1,157,1503,158,-1,158,1503,1501,-1,158,1501,1677,-1,1677,1501,1500,-1,1677,1500,1678,-1,1678,1500,1679,-1,1678,1679,1680,-1,1681,1682,1683,-1,1681,1683,1684,-1,155,152,1685,-1,1685,152,1675,-1,1685,1675,1679,-1,1679,1675,1676,-1,1679,1676,1680,-1,1680,1676,153,-1,1680,153,1678,-1,1678,153,154,-1,1678,154,1677,-1,1677,154,159,-1,1677,159,158,-1,1686,1687,147,-1,147,1687,1688,-1,147,1688,148,-1,1689,147,144,-1,1679,1683,1685,-1,1685,1683,1682,-1,1685,1682,155,-1,155,1682,1681,-1,155,1681,156,-1,156,1681,1684,-1,156,1684,1690,-1,1690,1684,1683,-1,1690,1683,1691,-1,1691,1683,1692,-1,1691,1692,1693,-1,1693,1692,1694,-1,1692,1689,1694,-1,1694,1689,144,-1,1694,144,1693,-1,1693,144,129,-1,1693,129,1691,-1,1691,129,128,-1,1691,128,1690,-1,1690,128,137,-1,1690,137,156,-1,1695,1696,1697,-1,1697,1696,1698,-1,1697,1698,1699,-1,1698,1700,1699,-1,1699,1700,1701,-1,1699,1701,1702,-1,1702,1701,1703,-1,1702,1703,1704,-1,1704,1703,1705,-1,1706,1707,1708,-1,1706,1708,1709,-1,1709,1708,1710,-1,1709,1710,1711,-1,1712,162,161,-1,1713,1714,1715,-1,1715,1714,1716,-1,1715,1716,1712,-1,1705,1717,1704,-1,1704,1717,1718,-1,1704,1718,1719,-1,1720,1721,1722,-1,1722,1721,1723,-1,1722,1723,1719,-1,1719,1723,1724,-1,1719,1724,1704,-1,1704,1724,1725,-1,1704,1725,1702,-1,1702,1725,1726,-1,1702,1726,1699,-1,1699,1726,1727,-1,1699,1727,1697,-1,1697,1727,1728,-1,1729,150,165,-1,1730,1731,1732,-1,1730,1732,1733,-1,150,1729,149,-1,149,1729,1734,-1,149,1734,145,-1,145,1734,1735,-1,145,1735,146,-1,1458,1460,1462,-1,1462,1460,131,-1,1462,131,1463,-1,1463,131,146,-1,1463,146,1464,-1,1464,146,1735,-1,1464,1735,1458,-1,1458,1735,1734,-1,1458,1734,1732,-1,1732,1734,1729,-1,1732,1729,1733,-1,1733,1729,165,-1,1733,165,1730,-1,1730,165,164,-1,1730,164,1731,-1,1731,164,1434,-1,1731,1434,1732,-1,1721,1706,1723,-1,1723,1706,1709,-1,1723,1709,1724,-1,1724,1709,1692,-1,1724,1692,1725,-1,1725,1692,1683,-1,1725,1683,1726,-1,1726,1683,1679,-1,1726,1679,1727,-1,1727,1679,1500,-1,1727,1500,1728,-1,1728,1500,1502,-1,1728,1502,1736,-1,1736,1502,1504,-1,1736,1504,1737,-1,1737,1504,1497,-1,1737,1497,1738,-1,1738,1497,1477,-1,1738,1477,1739,-1,1739,1477,1473,-1,1739,1473,1740,-1,1740,1473,1471,-1,1740,1471,1741,-1,1741,1471,1459,-1,1741,1459,1742,-1,1742,1459,1458,-1,1742,1458,1743,-1,1743,1458,1732,-1,1712,1716,162,-1,162,1716,1714,-1,162,1714,163,-1,163,1714,1713,-1,163,1713,1434,-1,1434,1713,1715,-1,1434,1715,1732,-1,1732,1715,1744,-1,1732,1744,1743,-1,1743,1744,1482,-1,1743,1482,1742,-1,1742,1482,1484,-1,1742,1484,1741,-1,1741,1484,1488,-1,1741,1488,1740,-1,1740,1488,1486,-1,1740,1486,1739,-1,1739,1486,1508,-1,1739,1508,1738,-1,1738,1508,1507,-1,1738,1507,1737,-1,1737,1507,1512,-1,1737,1512,1736,-1,1736,1512,1514,-1,1736,1514,1728,-1,1728,1514,1520,-1,1728,1520,1697,-1,1697,1520,1522,-1,1697,1522,1695,-1,1718,1745,1719,-1,1719,1745,1746,-1,1719,1746,1722,-1,1722,1746,1747,-1,1722,1747,1720,-1,1720,1747,1748,-1,1720,1748,1749,-1,147,1689,1686,-1,1686,1689,1692,-1,1686,1692,1687,-1,1687,1692,1709,-1,1687,1709,1688,-1,1688,1709,1711,-1,1688,1711,148,-1,148,1711,1710,-1,148,1710,160,-1,160,1710,1708,-1,160,1708,161,-1,161,1708,1707,-1,161,1707,1712,-1,1712,1707,1706,-1,1712,1706,1715,-1,1715,1706,1721,-1,1715,1721,1744,-1,1744,1721,1720,-1,1744,1720,1482,-1,1482,1720,1749,-1,1482,1749,1480,-1,1643,1480,1644,-1,1644,1480,1749,-1,1644,1749,1645,-1,1645,1749,1748,-1,1645,1748,1646,-1,1646,1748,1747,-1,1646,1747,1647,-1,1647,1747,1746,-1,1647,1746,1648,-1,1648,1746,1745,-1,1648,1745,1649,-1,1649,1745,1718,-1,1649,1718,1650,-1,1650,1718,1717,-1,1650,1717,1651,-1,1651,1717,1705,-1,1651,1705,1652,-1,1652,1705,1703,-1,1652,1703,1653,-1,1653,1703,1701,-1,1653,1701,1654,-1,1654,1701,1700,-1,1654,1700,1655,-1,1655,1700,1698,-1,1655,1698,1656,-1,1656,1698,1696,-1,1656,1696,1657,-1,1657,1696,1695,-1,1657,1695,1658,-1,1658,1695,1522,-1,1658,1522,1659,-1,1659,1522,1521,-1,1659,1521,1660,-1,1660,1521,1519,-1,1660,1519,1661,-1,1661,1519,1518,-1,1661,1518,1662,-1,1662,1518,1513,-1,1662,1513,1663,-1,1663,1513,1511,-1,1663,1511,1664,-1,1664,1511,1510,-1,1664,1510,1665,-1,1665,1510,1509,-1,1665,1509,1666,-1,1666,1509,1517,-1,1666,1517,1667,-1,1667,1517,1516,-1,1667,1516,1668,-1,1668,1516,1515,-1,1668,1515,1669,-1,1669,1515,1485,-1,1669,1485,1670,-1,1670,1485,1487,-1,1670,1487,1671,-1,1671,1487,1489,-1,1671,1489,1672,-1,1672,1489,1490,-1,1672,1490,1673,-1,1673,1490,1483,-1,1673,1483,1674,-1,1674,1483,1481,-1,1674,1481,1643,-1,1643,1481,1480,-1,
        ]
    }
}
Shape{
    appearance Appearance {
        material  Material 	{
            diffuseColor 0.0 0.0 0.0
            specularColor 0.0 0.0 0.0
            ambientIntensity 0.0
            transparency 0.0
            shininess 0.5
        }
    }
    geometry IndexedFaceSet {
        ccw TRUE
        solid FALSE
        coord DEF co Coordinate {
            point [
                -0.4589 0.1278 0.1579, -0.5511 -0.1084 0.1579, -0.4589 0.1278 0.1575, -0.5511 -0.1084 0.1575, -0.5165 -0.1084 0.1579, -0.5165 -0.1084 0.1575, -0.4926 -0.0422 0.1579, -0.4926 -0.0422 0.1575, -0.395 -0.0422 0.1579, -0.395 -0.0422 0.1575, -0.3725 -0.1084 0.1579, -0.3725 -0.1084 0.1575, -0.3379 -0.1084 0.1579, -0.3379 -0.1084 0.1575, -0.4272 0.1278 0.1579, -0.4272 0.1278 0.1575, -0.403 -0.0162 0.1579, -0.482 -0.0162 0.1579, -0.4383 0.0824 0.1579, -0.4405 0.0906 0.1579, -0.442 0.099 0.1579, -0.4428 0.099 0.1579, -0.4443 0.0906 0.1579, -0.4464 0.0824 0.1579, -0.403 -0.0162 0.1575, -0.482 -0.0162 0.1575, -0.4383 0.0824 0.1575, -0.4405 0.0906 0.1575, -0.442 0.099 0.1575, -0.4428 0.099 0.1575, -0.4443 0.0906 0.1575, -0.4464 0.0824 0.1575, -0.1947 -0.1084 0.1579, -0.1305 -0.1084 0.1579, -0.1947 -0.1084 0.1575, -0.1305 -0.1084 0.1575, -0.1305 0.1278 0.1579, -0.1305 0.1278 0.1575, -0.1972 0.1278 0.1579, -0.1972 0.1278 0.1575, -0.3206 0.0127 0.1579, -0.3206 0.0127 0.1575, -0.3189 0.0349 0.1575, -0.3189 0.0349 0.1579, -0.3126 0.0582 0.1575, -0.3126 0.0582 0.1579, -0.3016 0.0785 0.1575, -0.3016 0.0785 0.1579, -0.2849 0.097 0.1575, -0.2849 0.097 0.1579, -0.2846 0.0972 0.1575, -0.2846 0.0972 0.1579, -0.2589 0.1144 0.1575, -0.2589 0.1144 0.1579, -0.2313 0.1241 0.1575, -0.2313 0.1241 0.1579, -0.224 -0.1059 0.1575, -0.224 -0.1059 0.1579, -0.2512 -0.0978 0.1575, -0.2512 -0.0978 0.1579, -0.2758 -0.0834 0.1575, -0.2758 -0.0834 0.1579, -0.2953 -0.0648 0.1575, -0.2953 -0.0648 0.1579, -0.3088 -0.0437 0.1575, -0.3088 -0.0437 0.1579, -0.3173 -0.019 0.1575, -0.3173 -0.019 0.1579, -0.2732 0.0687 0.1579, -0.2617 0.0809 0.1579, -0.2445 0.0921 0.1579, -0.225 0.0989 0.1579, -0.197 0.1019 0.1579, -0.1622 0.1019 0.1579, -0.1622 -0.0825 0.1579, -0.1957 -0.0825 0.1579, -0.2206 -0.0802 0.1579, -0.2405 -0.074 0.1579, -0.2566 -0.0644 0.1579, -0.2699 -0.0513 0.1579, -0.2799 -0.035 0.1579, -0.2868 -0.0128 0.1579, -0.2889 0.012 0.1579, -0.2869 0.0355 0.1579, -0.2814 0.0542 0.1579, -0.197 0.1019 0.1575, -0.1622 0.1019 0.1575, -0.225 0.0989 0.1575, -0.2445 0.0921 0.1575, -0.2617 0.0809 0.1575, -0.2732 0.0687 0.1575, -0.2814 0.0542 0.1575, -0.2869 0.0355 0.1575, -0.2889 0.012 0.1575, -0.2868 -0.0128 0.1575, -0.2799 -0.035 0.1575, -0.2699 -0.0513 0.1575, -0.2566 -0.0644 0.1575, -0.2405 -0.074 0.1575, -0.2206 -0.0802 0.1575, -0.1957 -0.0825 0.1575, -0.1622 -0.0825 0.1575, -0.0844 -0.0825 0.1579, -0.0844 -0.1084 0.1579, -0.0844 -0.0825 0.1575, -0.0844 -0.1084 0.1575, 0.0423 -0.1084 0.1579, 0.0423 -0.1084 0.1575, 0.0423 0.1278 0.1579, 0.0423 0.1278 0.1575, -0.0787 0.1278 0.1579, -0.0787 0.1278 0.1575, -0.0787 0.1019 0.1579, -0.0787 0.1019 0.1575, 0.0106 0.1019 0.1579, 0.0106 0.1019 0.1575, 0.0106 0.0241 0.1579, 0.0106 0.0241 0.1575, -0.0729 0.0241 0.1579, -0.0729 0.0241 0.1575, -0.0729 -0.0018 0.1579, -0.0729 -0.0018 0.1575, 0.0106 -0.0018 0.1579, 0.0106 -0.0018 0.1575, 0.0106 -0.0825 0.1579, 0.0106 -0.0825 0.1575, 0.0884 -0.0703 0.1579, 0.0884 -0.0962 0.1579, 0.0884 -0.0703 0.1575, 0.0884 -0.0962 0.1575, 0.1136 -0.1065 0.1579, 0.1534 -0.1113 0.1579, 0.1534 -0.1113 0.1575, 0.147 -0.1112 0.1575, 0.147 -0.1112 0.1579, 0.1375 -0.1099 0.1575, 0.1136 -0.1065 0.1575, 0.1673 -0.1099 0.1575, 0.1825 -0.1083 0.1579, 0.1825 -0.1083 0.1575, 0.2054 -0.1004 0.1579, 0.2054 -0.1004 0.1575, 0.2244 -0.0883 0.1579, 0.2244 -0.0883 0.1575, 0.2422 -0.0696 0.1579, 0.2422 -0.0696 0.1575, 0.2548 -0.0471 0.1579, 0.2548 -0.0471 0.1575, 0.2619 -0.0221 0.1579, 0.2619 -0.0221 0.1575, 0.2642 0.0052 0.1579, 0.2642 0.0052 0.1575, 0.1677 0.1287 0.1579, 0.144 0.1307 0.1579, 0.1617 0.1292 0.1575, 0.144 0.1307 0.1575, 0.1677 0.1287 0.1575, 0.1941 0.1211 0.1575, 0.1941 0.1211 0.1579, 0.2165 0.1082 0.1575, 0.2165 0.1082 0.1579, 0.2378 0.0877 0.1575, 0.2378 0.0877 0.1579, 0.2517 0.0656 0.1575, 0.2517 0.0656 0.1579, 0.2608 0.0388 0.1575, 0.2608 0.0388 0.1579, 0.1231 0.1292 0.1575, 0.1157 0.1287 0.1579, 0.1157 0.1287 0.1575, 0.0884 0.1213 0.1579, 0.0884 0.1213 0.1575, 0.0884 0.0896 0.1579, 0.0884 0.0896 0.1575, 0.1437 0.1047 0.1579, 0.1437 0.1047 0.1575, 0.115 0.101 0.1575, 0.115 0.101 0.1579, 0.2325 0.0072 0.1579, 0.2325 0.0072 0.1575, 0.2313 0.0255 0.1575, 0.2313 0.0255 0.1579, 0.225 0.0508 0.1575, 0.225 0.0508 0.1579, 0.2153 0.0691 0.1575, 0.2153 0.0691 0.1579, 0.201 0.0848 0.1575, 0.201 0.0848 0.1579, 0.1847 0.0958 0.1575, 0.1847 0.0958 0.1579, 0.167 0.1021 0.1575, 0.167 0.1021 0.1579, 0.1491 -0.0854 0.1579, 0.1491 -0.0854 0.1575, 0.1711 -0.0829 0.1575, 0.1711 -0.0829 0.1579, 0.1883 -0.0766 0.1575, 0.1883 -0.0766 0.1579, 0.2028 -0.0668 0.1575, 0.2028 -0.0668 0.1579, 0.2139 -0.0551 0.1575, 0.2139 -0.0551 0.1579, 0.2237 -0.0387 0.1575, 0.2237 -0.0387 0.1579, 0.2301 -0.0184 0.1575, 0.2301 -0.0184 0.1579, 0.0927 -0.0726 0.1575, 0.0927 -0.0726 0.1579, 0.1177 -0.0819 0.1575, 0.1177 -0.0819 0.1579, 0.2843 -0.0825 0.1579, 0.2843 -0.1084 0.1579, 0.2843 -0.0825 0.1575, 0.2843 -0.1084 0.1575, 0.4053 -0.1084 0.1579, 0.4053 -0.1084 0.1575, 0.4053 0.1278 0.1579, 0.4053 0.1278 0.1575, 0.3736 0.1278 0.1579, 0.3736 0.1278 0.1575, 0.3736 -0.0825 0.1579, 0.3736 -0.0825 0.1575
            ]
        }
        coordIndex [
            0,1,2,-1,2,1,3,-1,1,4,3,-1,3,4,5,-1,4,6,5,-1,5,6,7,-1,6,8,7,-1,7,8,9,-1,8,10,9,-1,9,10,11,-1,10,12,11,-1,11,12,13,-1,12,14,13,-1,13,14,15,-1,14,0,15,-1,15,0,2,-1,16,8,17,-1,17,8,6,-1,18,14,16,-1,16,14,12,-1,16,12,8,-1,8,12,10,-1,18,19,14,-1,14,19,20,-1,14,20,0,-1,0,20,21,-1,0,21,22,-1,22,23,0,-1,0,23,17,-1,0,17,1,-1,1,17,6,-1,1,6,4,-1,16,17,24,-1,24,17,25,-1,18,16,26,-1,26,16,24,-1,18,26,27,-1,18,27,19,-1,19,27,28,-1,19,28,20,-1,21,20,29,-1,29,20,28,-1,21,29,30,-1,21,30,22,-1,22,30,31,-1,22,31,23,-1,17,23,25,-1,25,23,31,-1,32,33,34,-1,34,33,35,-1,33,36,35,-1,35,36,37,-1,36,38,37,-1,37,38,39,-1,40,41,42,-1,40,42,43,-1,43,42,44,-1,43,44,45,-1,45,44,46,-1,45,46,47,-1,47,46,48,-1,47,48,49,-1,49,48,50,-1,49,50,51,-1,51,50,52,-1,51,52,53,-1,53,52,54,-1,53,54,55,-1,55,54,39,-1,55,39,38,-1,32,34,56,-1,32,56,57,-1,57,56,58,-1,57,58,59,-1,59,58,60,-1,59,60,61,-1,61,60,62,-1,61,62,63,-1,63,62,64,-1,63,64,65,-1,65,64,66,-1,65,66,67,-1,67,66,41,-1,67,41,40,-1,45,47,68,-1,68,47,49,-1,68,49,69,-1,69,49,51,-1,69,51,70,-1,70,51,53,-1,70,53,71,-1,71,53,55,-1,71,55,72,-1,72,55,38,-1,72,38,73,-1,73,38,36,-1,73,36,74,-1,74,36,33,-1,74,33,75,-1,75,33,32,-1,75,32,76,-1,76,32,57,-1,76,57,77,-1,77,57,59,-1,77,59,78,-1,78,59,61,-1,78,61,79,-1,79,61,63,-1,79,63,80,-1,80,63,65,-1,80,65,81,-1,81,65,67,-1,81,67,82,-1,82,67,40,-1,82,40,83,-1,83,40,43,-1,83,43,84,-1,84,43,45,-1,84,45,68,-1,72,73,85,-1,85,73,86,-1,72,85,87,-1,72,87,71,-1,71,87,88,-1,71,88,70,-1,70,88,89,-1,70,89,69,-1,69,89,90,-1,69,90,68,-1,68,90,91,-1,68,91,84,-1,84,91,92,-1,84,92,83,-1,83,92,93,-1,83,93,82,-1,82,93,94,-1,82,94,81,-1,81,94,95,-1,81,95,80,-1,80,95,96,-1,80,96,79,-1,79,96,97,-1,79,97,78,-1,78,97,98,-1,78,98,77,-1,77,98,99,-1,77,99,76,-1,76,99,100,-1,76,100,75,-1,74,75,101,-1,101,75,100,-1,73,74,86,-1,86,74,101,-1,102,103,104,-1,104,103,105,-1,103,106,105,-1,105,106,107,-1,106,108,107,-1,107,108,109,-1,108,110,109,-1,109,110,111,-1,110,112,111,-1,111,112,113,-1,112,114,113,-1,113,114,115,-1,114,116,115,-1,115,116,117,-1,116,118,117,-1,117,118,119,-1,118,120,119,-1,119,120,121,-1,120,122,121,-1,121,122,123,-1,122,124,123,-1,123,124,125,-1,124,102,125,-1,125,102,104,-1,106,103,102,-1,102,124,106,-1,106,124,122,-1,106,122,108,-1,112,110,114,-1,114,110,108,-1,114,108,116,-1,116,108,122,-1,116,122,118,-1,118,122,120,-1,126,127,128,-1,128,127,129,-1,129,127,130,-1,131,132,133,-1,131,133,134,-1,134,133,135,-1,134,135,130,-1,130,135,136,-1,130,136,129,-1,132,131,137,-1,137,131,138,-1,137,138,139,-1,139,138,140,-1,139,140,141,-1,141,140,142,-1,141,142,143,-1,143,142,144,-1,143,144,145,-1,145,144,146,-1,145,146,147,-1,147,146,148,-1,147,148,149,-1,149,148,150,-1,149,150,151,-1,152,153,154,-1,154,153,155,-1,154,156,152,-1,152,156,157,-1,152,157,158,-1,158,157,159,-1,158,159,160,-1,160,159,161,-1,160,161,162,-1,162,161,163,-1,162,163,164,-1,164,163,165,-1,164,165,166,-1,166,165,151,-1,166,151,150,-1,155,153,167,-1,167,153,168,-1,167,168,169,-1,169,168,170,-1,169,170,171,-1,170,172,171,-1,171,172,173,-1,174,175,176,-1,174,176,177,-1,177,176,173,-1,177,173,172,-1,178,179,180,-1,178,180,181,-1,181,180,182,-1,181,182,183,-1,183,182,184,-1,183,184,185,-1,185,184,186,-1,185,186,187,-1,187,186,188,-1,187,188,189,-1,189,188,190,-1,189,190,191,-1,191,190,175,-1,191,175,174,-1,192,193,194,-1,192,194,195,-1,195,194,196,-1,195,196,197,-1,197,196,198,-1,197,198,199,-1,199,198,200,-1,199,200,201,-1,201,200,202,-1,201,202,203,-1,203,202,204,-1,203,204,205,-1,205,204,179,-1,205,179,178,-1,126,128,206,-1,126,206,207,-1,207,206,208,-1,207,208,209,-1,209,208,193,-1,209,193,192,-1,195,131,192,-1,192,131,134,-1,192,134,209,-1,209,134,130,-1,209,130,207,-1,207,130,127,-1,207,127,126,-1,172,170,177,-1,177,170,168,-1,177,168,174,-1,174,168,153,-1,174,153,191,-1,191,153,152,-1,191,152,189,-1,189,152,158,-1,189,158,187,-1,187,158,160,-1,187,160,185,-1,185,160,162,-1,185,162,183,-1,183,162,164,-1,183,164,181,-1,181,164,166,-1,181,166,178,-1,178,166,150,-1,178,150,205,-1,205,150,148,-1,205,148,203,-1,203,148,146,-1,203,146,201,-1,201,146,144,-1,201,144,199,-1,199,144,142,-1,199,142,197,-1,197,142,140,-1,197,140,195,-1,195,140,138,-1,195,138,131,-1,210,211,212,-1,212,211,213,-1,211,214,213,-1,213,214,215,-1,214,216,215,-1,215,216,217,-1,216,218,217,-1,217,218,219,-1,218,220,219,-1,219,220,221,-1,220,210,221,-1,221,210,212,-1,218,216,220,-1,220,216,214,-1,220,214,210,-1,210,214,211,-1,
        ]
    }
}
Shape{
    appearance Appearance {
        material  Material 	{
            diffuseColor 0.5019607843137255 0.5019607843137255 0.5019607843137255
            specularColor 0.25098039215686274 0.25098039215686274 0.25098039215686274
            ambientIntensity 0.502
            transparency 0.0
            shininess 0.5
        }
    }
    geometry IndexedFaceSet {
        ccw TRUE
        solid FALSE
        coord DEF co Coordinate {
            point [
                -0.403 -0.0162 0.1575, -0.482 -0.0162 0.1575, -0.4383 0.0824 0.1575, -0.4464 0.0824 0.1575, -0.4405 0.0906 0.1575, -0.4443 0.0906 0.1575, -0.442 0.099 0.1575, -0.4428 0.099 0.1575, -0.1622 0.1019 0.1575, -0.1622 -0.0825 0.1575, -0.197 0.1019 0.1575, -0.1957 -0.0825 0.1575, -0.2206 -0.0802 0.1575, -0.2889 0.012 0.1575, -0.2869 0.0355 0.1575, -0.2814 0.0542 0.1575, -0.225 0.0989 0.1575, -0.2405 -0.074 0.1575, -0.2566 -0.0644 0.1575, -0.2699 -0.0513 0.1575, -0.2799 -0.035 0.1575, -0.2868 -0.0128 0.1575, -0.2732 0.0687 0.1575, -0.2617 0.0809 0.1575, -0.2445 0.0921 0.1575
            ]
        }
        coordIndex [
            0,1,2,-1,2,1,3,-1,2,3,4,-1,4,3,5,-1,4,5,6,-1,6,5,7,-1,8,9,10,-1,10,9,11,-1,10,11,12,-1,13,14,10,-1,10,14,15,-1,10,15,16,-1,12,17,10,-1,10,17,18,-1,10,18,19,-1,19,20,10,-1,10,20,21,-1,10,21,13,-1,22,23,15,-1,15,23,24,-1,15,24,16,-1,
        ]
    }
}